position_x,position_y,position_z,attitude_x,attitude_y,attitude_z,attitude_w,input_throttle,input_yaw,input_pitch,input_roll,timestamp
468.96182,8.3414,373.06918,-0.00000037337355,0.96969783,-0.0000006072761,0.24430767,0.50415045,0.0004882887,0.33170062,-0.0004882887,596.43
468.96237,8.390063,373.06833,0.016165083,0.9675742,-0.06443963,0.24369346,0.5163653,0.0004882887,0.36296636,-0.0004882887,596.52997
468.9751,8.532644,373.04486,0.034031168,0.9602053,-0.13564792,0.2417586,0.536881,0.0004882887,0.377615,-0.0004882887,596.63
469.01175,8.752364,372.97668,0.053561985,0.9469912,-0.21167432,0.23565404,0.51880676,0.042496376,0.4108339,-0.0004882887,596.73
469.0788,9.010221,372.85196,0.074918926,0.9274457,-0.2920193,0.22126107,0.39619288,0.05909819,0.41963837,-0.031738766,596.83
469.16867,9.238544,372.68494,0.08606601,0.9014385,-0.37037307,0.20694277,0.33512628,0.0004882887,0.33560693,-0.045426108,596.93
469.27945,9.411587,372.4742,0.09402642,0.884415,-0.40983734,0.20249131,0.44406804,0.0004882887,0.16560617,-0.0004882887,597.02997
469.4284,9.556832,372.18433,0.09807548,0.8759605,-0.42766118,0.20044999,0.50463873,0.0004882887,0.055191882,-0.0004882887,597.13
469.62698,9.690764,371.79193,0.0919919,0.8757326,-0.431098,0.19693759,0.5246662,0.0004882887,0.0004882887,-0.08450446,597.23
469.87488,9.818224,371.2917,0.086022265,0.8763249,-0.4325031,0.19389714,0.5222248,0.0004882887,0.0004882887,-0.0004882887,597.33
470.16663,9.935402,370.68973,0.08600645,0.87630093,-0.43260422,0.19378656,0.50805676,0.0004882887,-0.0043945983,-0.0004882887,597.43
470.49756,10.035016,369.99728,0.08345681,0.88184816,-0.42123464,0.19478244,0.54176396,0.0004882887,-0.16169986,-0.0004882887,597.52997
470.86844,10.126756,369.21198,0.07862763,0.8921723,-0.3989042,0.19677885,0.5539788,0.0004882887,-0.11772335,0.013183795,597.63
471.2784,10.222569,368.3356,0.0780321,0.8960784,-0.3894927,0.19811575,0.54225224,0.0004882887,0.0004882887,-0.0004882887,597.73
471.72308,10.318855,367.3791,0.07804501,0.89607394,-0.3895441,0.19803031,0.53834593,0.0004882887,0.0004882887,-0.0004882887,597.83
472.1999,10.412644,366.3481,0.07874019,0.8966226,-0.38789308,0.19851168,0.5774243,0.0004882887,-0.06398108,0.051285572,597.93
472.7102,10.511166,365.23975,0.09126533,0.89995503,-0.37334695,0.20582469,0.56374454,0.0004882887,-0.079621576,0.15875487,598.02997
473.25195,10.608351,364.07025,0.11886009,0.8993036,-0.35980225,0.21832936,0.5217365,0.0004882887,-0.009277485,0.19882506,598.13
473.82492,10.6911745,362.86047,0.14867488,0.89433956,-0.3521538,0.23246582,0.53248644,-0.04054322,0.0004882887,0.18416114,598.23
474.43567,10.760308,361.61844,0.17171058,0.8873862,-0.34658659,0.25087628,0.5486076,-0.062027924,-0.0024414435,0.15094225,598.33
475.0932,10.821442,360.3471,0.18376625,0.8827003,-0.34149152,0.26543143,0.5671702,-0.04835584,-0.020996414,0.024902724,598.43
475.80423,10.881327,359.047,0.18125658,0.8819716,-0.33928803,0.27231562,0.57888913,-0.034683757,-0.035660334,-0.0004882887,598.52997
476.56888,10.945242,357.71814,0.17680065,0.8829682,-0.33326864,0.2793577,0.5906157,-0.04444953,-0.09231708,-0.0004882887,598.63
477.38577,11.017111,356.36115,0.17488821,0.8850119,-0.31735152,0.29232863,0.5915923,-0.06790265,-0.12162966,0.112840466,598.73
478.2523,11.098644,354.98096,0.18437172,0.8824366,-0.29639548,0.31537682,0.58524454,-0.106981,-0.11088731,0.14117648,598.83
479.16757,11.189889,353.58893,0.19430779,0.87578964,-0.27619705,0.3448945,0.5774243,-0.14117648,-0.11186389,0.16169986,598.93
480.12872,11.288561,352.19876,0.20746581,0.8656143,-0.25534803,0.37744856,0.56570536,-0.13531701,-0.10405127,0.19197376,599.02997
481.1352,11.392388,350.8205,0.2279977,0.85210013,-0.23032767,0.41096446,0.56570536,-0.13727017,-0.13824674,0.24376288,599.13
482.19043,11.502521,349.4643,0.25437927,0.8347971,-0.19148852,0.4491516,0.58084995,-0.14801252,-0.1861143,0.30238804,599.23
483.30792,11.632567,348.1409,0.28934088,0.80927455,-0.13958906,0.49180418,0.64924085,-0.15191883,-0.20468453,0.3600366,599.33
483.6601,11.681226,347.7535,0.3000314,0.8007314,-0.12274692,0.50372964,0.6888075,-0.12748913,-0.20370795,0.320943,599.35504
485.98083,12.288162,345.7436,0.29977733,0.7910644,-0.053309478,0.53057396,1,0.0004882887,-0.3365835,-0.0004882887,599.52997
487.65216,13.048834,344.7857,0.2501905,0.79807884,0.0107290335,0.5480511,1,0.08938735,-0.47922483,-0.12846571,599.63
489.4474,14.121838,344.02737,0.15042412,0.8026647,0.09341304,0.56954014,1,0.0004882887,-0.7058976,-0.25645837,599.73
491.23947,15.420604,343.43463,-0.12940863,0.70794904,0.37350354,0.5852834,0.1597467,0.0004882887,-1,-0.323888,599.83
492.94873,16.6199,342.8883,-0.41449597,0.4445145,0.6466086,0.4609744,0.0009842217,0.0004882887,-1,-0.106004424,599.93
494.5321,17.625479,342.3797,-0.59384626,0.07342879,0.7689254,0.22518545,0.0009842217,0.0004882887,-1,-0.18806745,600.02997
496.0278,18.448566,341.89343,-0.63174486,-0.32235336,0.7027897,-0.055439353,0.0019607842,0.0004882887,-1,-0.09916838,600.13
497.3456,19.066956,341.46143,-0.5850674,-0.5212964,0.5721531,-0.2420478,0.0024490654,0.0004882887,-0.24473946,-0.0004882887,600.2141
498.89743,19.681307,340.95862,-0.58369166,-0.5245985,0.5691609,-0.24526829,0.0024490654,0.0004882887,0.0004882887,-0.0004882887,600.33
500.24377,20.099512,340.52243,-0.5837139,-0.5246196,0.5691724,-0.24514337,0.0034256577,0.0004882887,0.0004882887,-0.0004882887,600.43
501.53424,20.391867,340.10434,-0.5837361,-0.5246406,0.5691839,-0.24501844,0.003913939,0.0004882887,0.0004882887,-0.0004882887,600.52997
502.77136,20.56409,339.70346,-0.5825418,-0.52746636,0.5665975,-0.24777338,0.0034256577,0.0004882887,-0.14508279,-0.0004882887,600.63
503.95633,20.619345,339.31854,-0.5677152,-0.55851126,0.53605884,-0.2800102,0.0034256577,0.0004882887,-0.52320135,-0.0004882887,600.73
505.09296,20.561207,338.9478,-0.5225593,-0.62858284,0.45192555,-0.3571817,0.0048905313,0.0004882887,-0.6091707,-0.0004882887,600.82996
506.18668,20.398739,338.59122,-0.46771538,-0.6854577,0.35997567,-0.4263892,0.08159,0.0004882887,-0.49584192,-0.0004882887,600.93
507.24292,20.13852,338.24777,-0.42724591,-0.7152506,0.29655665,-0.4668316,0.13483635,0.0004882887,-0.28186464,-0.0004882887,601.02997
508.26843,19.784058,337.91534,-0.41411358,-0.72318816,0.2767203,-0.4784713,0.11676204,-0.006347753,0.0004882887,-0.0004882887,601.13
509.26584,19.335955,337.59253,-0.4139746,-0.72304183,0.27692235,-0.4786956,0.0024490654,0.0004882887,0.0004882887,-0.0004882887,601.23
510.23743,18.794989,337.2781,-0.41365165,-0.72252756,0.27746406,-0.47943717,0.0019607842,0,0.0004882887,-0.0004882887,601.32996
511.18802,18.161777,336.9704,-0.41365156,-0.7225715,0.27752355,-0.47933656,0.0024490654,0.0004882887,0.0004882887,-0.0004882887,601.43
512.1185,17.43799,336.6692,-0.41365358,-0.7226191,0.27757984,-0.4792304,0.0019607842,0.0004882887,0.0004882887,-0.0004882887,601.52997
513.02966,16.625357,336.3744,-0.4136556,-0.72266674,0.27763614,-0.47912425,0.0019607842,0.0004882887,0.0004882887,-0.0043945983,601.63
513.9223,15.724956,336.08554,-0.41278177,-0.72321546,0.27814457,-0.4787549,0.013191432,0.0004882887,-0.0122072175,-0.0043945983,601.73
514.7996,14.736234,335.80148,-0.40809113,-0.7259466,0.27194372,-0.48219267,0.14411384,0.0004882887,-0.15875487,-0.024902724,601.82996
515.68243,13.671267,335.52213,-0.37223175,-0.74467504,0.23866121,-0.49994352,0.5896391,0.0004882887,-0.40009156,-0.1489891,601.93
516.71106,12.650492,335.25162,-0.30756575,-0.7724946,0.19252503,-0.5211425,0.7743038,0.0004882887,-0.34830242,-0.23692684,602.02997
517.97504,11.821048,334.99332,-0.22936718,-0.79934484,0.18248284,-0.52453655,0.8050736,0.0004882887,-0.20859084,-0.38445106,602.13
518.3963,11.619532,334.91483,-0.2043066,-0.806573,0.18683748,-0.5222936,0.8099642,0.0004882887,-0.18513772,-0.39130235,602.15283
521.0685,10.930669,334.37494,-0.09773931,-0.82765293,0.23490296,-0.50025827,0.8026322,0.0004882887,0.0004882887,-0.13434044,602.32996
522.7941,10.842283,333.93604,-0.09310187,-0.82821393,0.23779175,-0.49884737,0.69418633,0.0004882887,0.0004882887,-0.0004882887,602.43
524.56537,10.886342,333.43015,-0.09604489,-0.82681364,0.24281597,-0.4981919,0.6047837,0.0004882887,0.10795758,-0.0004882887,602.52997
526.342,10.984035,332.886,-0.10607743,-0.82178056,0.25948295,-0.49607757,0.5056153,0.0004882887,0.13238728,0.0043945983,602.63
528.0951,11.066637,332.3267,-0.11892217,-0.81519955,0.27870572,-0.49358916,0.40156406,0.0004882887,0.1685359,0.013183795,602.73
529.8068,11.091335,331.7675,-0.13463144,-0.80684894,0.30017784,-0.49067554,0.40840772,0.0004882887,0.16070803,0.010254063,602.82996
531.48303,11.058523,331.20715,-0.14732797,-0.79930514,0.31882372,-0.48760372,0.46947432,0.0004882887,0.109910734,0.006347753,602.93
533.1421,10.988413,330.63474,-0.15546471,-0.79440993,0.32985234,-0.4857377,0.5031739,0.0004882887,0.083527885,0.010254063,603.02997
534.8013,10.900504,330.04053,-0.16147637,-0.79105765,0.33628824,-0.48483357,0.5901274,0.0004882887,0.022949569,0.017090105,603.13
536.48627,10.825214,329.40942,-0.16485253,-0.789706,0.33742526,-0.48511073,0.6204166,0.0004882887,0.020996414,0.006347753,603.23
538.20135,10.7702265,328.73944,-0.16740921,-0.78842396,0.33946759,-0.48489544,0.5290608,0.0004882887,0.0004882887,0.043472953,603.32996
539.9151,10.69774,328.0514,-0.17778738,-0.7861689,0.33315772,-0.48922002,0.46653697,0.0004882887,0.0004882887,0.14996567,603.43
541.6072,10.582249,327.36157,-0.1995236,-0.7809605,0.3195632,-0.49816722,0.46556038,0.0004882887,0.0004882887,0.16755933,603.52997
543.28503,10.428885,326.67355,-0.2221172,-0.7748654,0.3050716,-0.5071281,0.55104905,0.0004882887,0.0004882887,0.15387198,603.63
544.9848,10.27499,325.98032,-0.23730099,-0.7704647,0.29450193,-0.51316744,0.68294805,0.0004882887,-0.031738766,0.087434195,603.73
546.7574,10.175565,325.27176,-0.24273366,-0.76946884,0.28522936,-0.5173416,0.7244679,0.0004882887,-0.0073243305,0.0415198,603.82996
548.62286,10.158007,324.54715,-0.24610955,-0.7684703,0.28269696,-0.51861936,0.74938583,0.0004882887,0.0004882887,0.014160372,603.93
550.57477,10.219711,323.81094,-0.2465265,-0.76837474,0.2824945,-0.5186733,0.7186084,0.0004882887,0.0004882887,-0.0004882887,604.02997
551.5741,10.27216,323.441,-0.2465357,-0.76839167,0.2825188,-0.51863045,0.6800183,0.0004882887,0.0004882887,-0.0004882887,604.0799
554.6097,10.459492,322.3381,-0.24654368,-0.7684541,0.2825569,-0.5185135,0.6433738,0.0004882887,0.0004882887,-0.0004882887,604.23
556.6457,10.590724,321.61295,-0.24784976,-0.76807547,0.28172007,-0.51890695,0.6331197,0.0004882887,0.0004882887,0.038590066,604.32996
558.68524,10.720522,320.8974,-0.2555489,-0.765584,0.27660683,-0.521598,0.62578773,0.0004882887,0.0004882887,0.062027924,604.43
560.72516,10.844036,320.19522,-0.25970563,-0.7639309,0.27387214,-0.5234086,0.5969711,0.0004882887,0.0004882887,0.0043945983,604.52997
562.75635,10.95068,319.50937,-0.2597085,-0.7637639,0.2740011,-0.5235836,0.5925689,-0.006347753,0.0004882887,-0.0004882887,604.63
564.77795,11.039273,318.83902,-0.26052463,-0.76242626,0.27365595,-0.5253053,0.58719766,-0.018066682,0.0004882887,0.07180896,604.73
566.789,11.108451,318.18365,-0.27398014,-0.75454754,0.2647298,-0.5343323,0.5915923,-0.050308995,0.0004882887,0.16560617,604.82996
568.79456,11.16003,317.54712,-0.29666415,-0.7393406,0.24870275,-0.55092007,0.6033188,-0.07083238,-0.0043945983,0.2232395,604.93
570.8049,11.199477,316.9371,-0.32313505,-0.72095,0.2292978,-0.56853974,0.60820174,-0.058121614,0.0004882887,0.21347372,605.02997
572.82465,11.230591,316.3657,-0.34781218,-0.7025374,0.21009238,-0.5842339,0.6414206,-0.0698558,-0.025879301,0.21933319,605.13
574.8649,11.263933,315.8463,-0.36857924,-0.6815361,0.18619417,-0.60414374,0.67024493,-0.08841077,-0.068879224,0.2339971,605.23
576.93756,11.309561,315.3937,-0.38957527,-0.6569842,0.15518205,-0.62651527,0.67219806,-0.08841077,-0.09329366,0.27405202,605.32996
579.0455,11.368359,315.02243,-0.4136639,-0.6269396,0.11579859,-0.64993817,0.6614557,-0.09622339,-0.09622339,0.3043412,605.43
581.1792,11.432406,314.74643,-0.4397692,-0.5909688,0.07326989,-0.67230237,0.61748683,-0.106981,-0.09231708,0.3326772,605.52997
583.31244,11.48074,314.5696,-0.46828496,-0.54616195,0.024954524,-0.6941136,0.5813382,-0.12162966,-0.116746776,0.37566185,605.63
585.434,11.499172,314.49722,-0.49270678,-0.49144667,-0.03364395,-0.71734816,0.6204166,-0.14215305,-0.19589533,0.3893492,605.73
587.5559,11.503068,314.57224,-0.4993076,-0.42979333,-0.09702772,-0.7460264,0.70151067,-0.16755933,-0.2799115,0.36198977,605.82996
589.6703,11.518513,314.85745,-0.4929128,-0.3642356,-0.15863429,-0.7740831,0.697116,-0.16267644,-0.27307546,0.35318533,605.93
591.73926,11.545718,315.36694,-0.48404643,-0.29865846,-0.2172074,-0.7932989,0.64679945,-0.15191883,-0.25255206,0.35220873,606.02997
593.72644,11.564727,316.0714,-0.47293326,-0.23165466,-0.27195323,-0.80542636,0.56374454,-0.17830168,-0.2623331,0.34341955,606.13
595.6155,11.550968,316.92502,-0.4498104,-0.14907324,-0.32787633,-0.817279,0.6272526,-0.22519265,-0.42354468,0.4352636,606.23
597.3567,11.518924,317.9517,-0.39133686,-0.033615876,-0.40132037,-0.82744634,0.7933547,-0.23106737,-0.5085374,0.4675059,606.32996
598.8102,11.517123,319.1952,-0.30739912,0.0913075,-0.46110114,-0.8273781,0.90424967,-0.2427863,-0.5407797,0.37566185,606.43
599.6666,11.569509,320.31424,-0.23666312,0.18000452,-0.4766221,-0.8272969,0.9169451,-0.2339971,-0.49877164,0.21640345,606.50287
600.401,11.78018,322.066,-0.15179998,0.2866457,-0.47403836,-0.81858337,0.8314565,-0.21835661,-0.4264744,0.24376288,606.63
600.593,12.068957,323.48895,-0.08553794,0.3678497,-0.48686543,-0.7876115,0.7103075,-0.24180973,-0.3443961,0.34830242,606.73
600.5209,12.407591,324.81696,-0.046108518,0.42918825,-0.51915824,-0.7376627,0.59941256,-0.24180973,-0.07669184,0.26037994,606.82996
600.2681,12.739673,326.03528,-0.051203698,0.46534464,-0.54153746,-0.6982619,0.54420537,-0.2339971,0.0004882887,0.13824674,606.93
599.86786,13.039448,327.1504,-0.07021241,0.4948912,-0.5451405,-0.67303395,0.5134279,-0.22519265,0.0004882887,-0.0004882887,607.02997
599.33887,13.297523,328.17212,-0.09567416,0.52263355,-0.5386946,-0.6538415,0.49047837,-0.23106737,0.0004882887,-0.13824674,607.13
598.7004,13.506804,329.11243,-0.13589677,0.54573864,-0.51184326,-0.6493981,0.4895018,-0.19394217,0.0004882887,-0.22030976,607.23
597.95966,13.670368,329.98236,-0.17139167,0.55708283,-0.48182777,-0.6543131,0.4709392,-0.09622339,0.0004882887,-0.22421607,607.32996
597.1335,13.78525,330.7952,-0.20037709,0.5560257,-0.4515545,-0.6684183,0.42843518,-0.034683757,0.0043945983,-0.26428625,607.43
596.2491,13.841522,331.56497,-0.23223037,0.5461846,-0.41582075,-0.68908966,0.39326313,-0.0043945983,0.01904326,-0.2838178,607.52997
595.32654,13.832768,332.3033,-0.26125643,0.5328102,-0.38162863,-0.7086735,0.3766537,0.0004882887,0.0053711757,-0.19784848,607.63
594.37445,13.758446,333.0195,-0.26974082,0.5284901,-0.37062877,-0.7145435,0.3766537,0.0004882887,0.01123064,-0.0004882887,607.73
593.39545,13.620453,333.71545,-0.276252,0.52501065,-0.3775492,-0.71098894,0.38544288,0.0004882887,0.042496376,0.072785534,607.82996
592.3838,13.422512,334.39157,-0.27100006,0.52762,-0.39104655,-0.70374626,0.47631037,0.0004882887,0.008300908,0.10112154,607.93
591.3045,13.188241,335.04388,-0.2673787,0.529374,-0.39670086,-0.70064276,0.5915923,0.0004882887,0.0004882887,-0.0004882887,608.02997
590.1016,12.956546,335.66742,-0.26744798,0.52926636,-0.3967065,-0.70069444,0.68197143,0.0004882887,0.0004882887,-0.0004882887,608.13
588.7385,12.75722,336.2571,-0.27605495,0.52475584,-0.38531235,-0.70707804,0.6902724,0.0004882887,0.0004882887,-0.25255206,608.23
587.2321,12.5889,336.81882,-0.2968358,0.5138843,-0.3569902,-0.7213664,0.6756161,-0.0073243305,0.0004882887,-0.13043413,608.32996
585.60736,12.445634,337.3697,-0.30588463,0.5094932,-0.3445013,-0.7267532,0.665362,-0.008300908,0.0004882887,-0.087434195,608.43
583.8847,12.318451,337.91556,-0.311758,0.5092628,-0.33681664,-0.72801983,0.65803003,-0.0327306,0.0004882887,-0.024902724,608.52997
582.0821,12.200646,338.4577,-0.31641746,0.51284206,-0.33142176,-0.72597015,0.665362,-0.055191882,0.0004882887,-0.04054322,608.63
580.20605,12.092289,338.9971,-0.32198665,0.5179722,-0.32148194,-0.7243472,0.71128404,-0.054215305,0.0004882887,-0.08450446,608.73
578.2473,12.006599,339.53857,-0.3357581,0.5159771,-0.30286038,-0.7275368,0.7225147,-0.039566644,0.0004882887,-0.1646296,608.82996
576.2145,11.945349,340.09064,-0.3526928,0.5108815,-0.2793521,-0.7325096,0.70053405,-0.042496376,0.0004882887,-0.16267644,608.93
574.13324,11.897697,340.66074,-0.36506832,0.5077289,-0.26039025,-0.73561776,0.7029755,-0.0327306,-0.0327306,-0.057145037,609.02997
572.0151,11.861014,341.2551,-0.36246002,0.5114622,-0.25358477,-0.736698,0.70492864,-0.014160372,-0.024902724,-0.0004882887,609.13
569.8669,11.835432,341.8719,-0.36239815,0.5132134,-0.25238582,-0.73592186,0.66829175,-0.0073243305,0.0004882887,-0.0004882887,609.23
567.7122,11.8033085,342.50162,-0.36253878,0.51328343,-0.25235075,-0.73581576,0.61309224,0.0004882887,0.0004882887,-0.0004882887,609.32996
565.5779,11.74272,343.1338,-0.3626028,0.51318854,-0.25237966,-0.7358405,0.5603265,0.0004882887,0.0004882887,-0.0004882887,609.43
563.478,11.641062,343.76236,-0.36269453,0.51308054,-0.25240642,-0.7358614,0.5495842,0.0004882887,0.0004882887,-0.0004882887,609.52997
561.4115,11.497934,344.387,-0.36277384,0.5129765,-0.25242242,-0.7358894,0.5505608,0.0004882887,0.0004882887,-0.0004882887,609.63
559.3715,11.317952,345.00967,-0.36287004,0.5128659,-0.25244582,-0.735911,0.5647288,0.0004882887,0.0004882887,-0.0004882887,609.73
557.34534,11.110694,345.63443,-0.35982493,0.5138277,-0.25028333,-0.7374723,0.62578773,0.0004882887,-0.09427024,-0.0004882887,609.82996
555.3043,10.901427,346.27136,-0.34423116,0.5188976,-0.23935609,-0.74495566,0.68197143,0.0004882887,-0.13824674,-0.0004882887,609.93
553.2238,10.722803,346.92944,-0.32929143,0.52349824,-0.2289209,-0.7517393,0.70492864,0.0004882887,-0.10014496,-0.0004882887,610.02997
551.10065,10.590042,347.60947,-0.31960168,0.5263232,-0.2221382,-0.7559717,0.69613945,0.0004882887,-0.06398108,-0.0004882887,610.13
548.9457,10.5015335,348.30737,-0.31219625,0.5283951,-0.21694118,-0.7591236,0.697116,0.0004882887,-0.06594949,-0.0004882887,610.23
546.7662,10.455953,349.02,-0.3043106,0.53054005,-0.21140246,-0.76238537,0.6985809,0.0004882887,-0.06594949,-0.0004882887,610.32996
544.5679,10.453827,349.74512,-0.29688555,0.5324976,-0.20620412,-0.76536596,0.7039521,0.0004882887,-0.06007477,-0.0004882887,610.43
542.35254,10.499058,350.48187,-0.28971946,0.5343249,-0.20115319,-0.76817775,0.72838175,0.0004882887,-0.05616846,-0.0004882887,610.52997
540.1154,10.603833,351.23184,-0.28498244,0.5354811,-0.1978176,-0.7700086,0.73814756,0.0004882887,-0.008300908,-0.0004882887,610.62994
537.8624,10.76514,351.9925,-0.2847413,0.53546685,-0.19758028,-0.77016866,0.6775769,0.0004882887,0.0004882887,-0.0004882887,610.73
535.6259,10.942058,352.75122,-0.28961226,0.53068936,-0.19060576,-0.77341,0.5691234,0.057145037,0.0004882887,-0.20273137,610.82996
533.44366,11.084411,353.49533,-0.31434172,0.50260127,-0.15395993,-0.79049194,0.57400626,0.13727017,0.0004882887,-0.3414664,610.93
531.3127,11.196861,354.24124,-0.3469129,0.4565,-0.10271781,-0.8128396,0.63995576,0.16560617,0.0004882887,-0.42745098,611.02997
529.2155,11.31018,355.02667,-0.3942591,0.3805737,-0.013813428,-0.83638066,0.71323717,0.2505989,-0.09329366,-0.622858,611.13
527.1546,11.457592,355.9238,-0.43606988,0.25307932,0.13124909,-0.85356176,0.83340967,0.30531776,-0.23692684,-0.68343633,611.23
525.1879,11.68498,357.06464,-0.44057718,0.0934935,0.280987,-0.84746516,0.8588159,0.37273213,-0.36198977,-0.69515526,611.32996
523.45416,11.980746,358.49643,-0.40788788,-0.09604575,0.41515213,-0.807497,0.85588616,0.45285726,-0.42354468,-0.6863661,611.43
522.09357,12.2966,360.13135,-0.35067174,-0.29399818,0.4940078,-0.7392907,0.8871519,0.47434196,-0.45774013,-0.56911576,611.52997
521.58105,12.45204,360.9742,-0.31816617,-0.38226807,0.5098108,-0.7019504,0.90327305,0.45676357,-0.45578697,-0.54175633,611.5792
520.7332,12.934049,363.38382,-0.19884083,-0.5986987,0.5558436,-0.5413503,0.8583276,0.377615,-0.33853665,-0.6863661,611.73
520.62976,13.2634945,364.73044,-0.089116864,-0.6903976,0.59217274,-0.40588287,0.81045246,0.18709087,-0.24376288,-0.48509955,611.82996
520.7539,13.581935,365.76767,-0.046117045,-0.71833897,0.5941391,-0.3589724,0.723003,0.020996414,-0.042496376,-0.05909819,611.93
521.0274,13.878664,366.53036,-0.04412799,-0.71969575,0.59362775,-0.35734716,0.61748683,0.0004882887,0.0004882887,-0.0004882887,612.02997
521.4135,14.13866,367.08533,-0.04412695,-0.71968454,0.5937125,-0.35722896,0.53785765,0.0004882887,0.0004882887,-0.0004882887,612.13
521.8886,14.350082,367.47763,-0.044940725,-0.7184657,0.59529835,-0.35694167,0.46360722,0.010254063,0.0698558,-0.0004882887,612.23
522.4304,14.500221,367.74728,-0.052975193,-0.71209955,0.60490763,-0.35241267,0.4323415,0.054215305,0.09231708,-0.0004882887,612.32996
523.0291,14.580005,367.91217,-0.06290983,-0.7088689,0.6122114,-0.3445932,0.5026856,0.05909819,0.0415198,-0.0004882887,612.43
523.7016,14.595297,367.945,-0.0696257,-0.70890206,0.6136882,-0.34058326,0.58866256,0.023926146,0.0004882887,0.058121614,612.52997
524.47015,14.557384,367.80716,-0.085016906,-0.70814866,0.6067679,-0.3508993,0.62285805,0.010254063,0.0004882887,0.19394217,612.63
525.33734,14.470545,367.50134,-0.1117461,-0.7048294,0.5933666,-0.37235,0.5437171,0.0004882887,0.0004882887,0.21738003,612.73
526.2756,14.325337,367.08307,-0.14013965,-0.69987774,0.5779718,-0.3955763,0.50805676,0.0073243305,0.0004882887,0.22421607,612.82996
527.26874,14.117893,366.5874,-0.17005786,-0.6952587,0.56128794,-0.41551366,0.5583734,0.042496376,0.0004882887,0.20859084,612.93
528.3346,13.859819,366.01202,-0.19860703,-0.69339216,0.5435485,-0.42932224,0.6560769,0.064972915,-0.05909819,0.21640345,613.02997
529.5115,13.57239,365.33963,-0.23018464,-0.6952704,0.51159257,-0.44931865,0.69173723,0.06398108,-0.120653085,0.29359883,613.13
530.81836,13.274036,364.57962,-0.26705292,-0.6953493,0.46597123,-0.47753862,0.7078584,0.053238727,-0.14117648,0.31508353,613.23
532.26074,12.9802065,363.7604,-0.29868847,-0.693517,0.41832218,-0.50480294,0.71665525,0.039566644,-0.16560617,0.27502862,613.32996
533.83734,12.703985,362.91333,-0.31789324,-0.69295305,0.37554535,-0.52699685,0.7278935,0.01904326,-0.13531701,0.19491875,613.43
535.54456,12.458721,362.06296,-0.32968226,-0.69031054,0.34360054,-0.54471993,0.7327764,0.0004882887,-0.11381704,0.18318456,613.52997
537.36865,12.248489,361.22903,-0.34353787,-0.6845211,0.3146645,-0.5607128,0.697116,0.0004882887,-0.09329366,0.19589533,613.63
539.2744,12.058675,360.43042,-0.35971582,-0.67627895,0.28193918,-0.57772106,0.6507057,0.0004882887,-0.11381704,0.22716106,613.73
541.2321,11.873253,359.6811,-0.37678945,-0.6659071,0.2454351,-0.59528065,0.637026,0.0004882887,-0.11381704,0.2232395,613.82996
543.23816,11.691498,358.99176,-0.3910235,-0.6546135,0.20906097,-0.6122707,0.66194403,-0.013183795,-0.1314107,0.21249714,613.93
545.29987,11.526246,358.37872,-0.4012582,-0.6421736,0.1729237,-0.6298431,0.6844129,-0.024902724,-0.13238728,0.20859084,614.02997
547.41974,11.389719,357.859,-0.41147104,-0.6263732,0.13762243,-0.6476175,0.6780652,-0.04444953,-0.12553598,0.22813764,614.13
549.5848,11.280355,357.44424,-0.4258727,-0.6013407,0.09663557,-0.6690914,0.6746395,-0.091340505,-0.14996567,0.29848173,614.23
551.7856,11.19643,357.1494,-0.44351143,-0.5576458,0.048408378,-0.6999897,0.71909666,-0.21152057,-0.16951248,0.35808346,614.32996
554.0342,11.154635,357.01215,-0.45977923,-0.48800105,-0.0063833413,-0.7419011,0.77038985,-0.27600518,-0.24083315,0.40595102,614.43
556.3226,11.177386,357.09283,-0.46289313,-0.40054494,-0.0680211,-0.7878241,0.82364386,-0.31313038,-0.2994583,0.41766995,614.52997
558.61206,11.28825,357.45352,-0.45629093,-0.29688057,-0.14083691,-0.8269373,0.8314565,-0.31996644,-0.33365378,0.53101397,614.63
560.83234,11.487185,358.11792,-0.4520332,-0.15707184,-0.263897,-0.83746815,0.79579616,-0.31508353,-0.3443961,0.67560846,614.73
562.8684,11.738989,359.0771,-0.430765,0.01014909,-0.4060498,-0.8058921,0.8295033,-0.3414664,-0.37273213,0.68148315,614.82996
564.58246,11.987159,360.26788,-0.39041233,0.17429745,-0.50742316,-0.7481446,0.8407416,-0.35906005,-0.36198977,0.55544364,614.93
564.8777,12.031536,360.52335,-0.38247657,0.20328644,-0.51880115,-0.73704255,0.8407416,-0.36198977,-0.3561303,0.51929504,614.94653
566.79034,12.333288,362.90225,-0.34353113,0.39431515,-0.52659756,-0.6702216,0.79042494,-0.26819256,-0.23106737,0.08059815,615.13
567.3162,12.444586,364.2123,-0.3373024,0.43161014,-0.5088804,-0.66406375,0.6673152,-0.07180896,-0.079621576,-0.0004882887,615.23
567.5505,12.522134,365.49597,-0.3373149,0.44268495,-0.5017441,-0.6621945,0.64435035,-0.062027924,-0.01904326,-0.0004882887,615.32996
567.51965,12.567602,366.75806,-0.3410998,0.4506576,-0.49772918,-0.65789384,0.6292134,-0.062027924,-0.008300908,0.045426108,615.43
567.24457,12.577787,367.9975,-0.33656645,0.46230498,-0.50466794,-0.64676696,0.6297017,-0.02978561,-0.021972992,0.14410621,615.52997
566.7289,12.550946,369.202,-0.32068604,0.47780657,-0.51758873,-0.63321656,0.7650187,-0.0327306,-0.08548104,0.14117648,615.63
565.8993,12.507867,370.34564,-0.3112062,0.49413818,-0.51345795,-0.62876004,0.8441596,-0.07376211,-0.124559395,-0.0004882887,615.73
564.71674,12.470707,371.40536,-0.30640873,0.51237404,-0.4978728,-0.62905425,0.85637444,-0.09329366,-0.10795758,-0.07376211,615.82996
563.2134,12.449463,372.37286,-0.31370056,0.5262251,-0.4716489,-0.63421327,0.8524605,-0.11772335,-0.09622339,-0.13727017,615.93
561.45074,12.444241,373.25656,-0.33256266,0.5366006,-0.43701503,-0.64068705,0.82413214,-0.15191883,-0.079621576,-0.21933319,616.02997
559.5009,12.447153,374.0755,-0.35594204,0.5475181,-0.39259353,-0.6476107,0.8050736,-0.16755933,-0.13434044,-0.21640345,616.13
557.41705,12.455464,374.8513,-0.37089673,0.56203145,-0.34377596,-0.6545031,0.77185476,-0.15094225,-0.15191883,-0.18904403,616.23
555.24884,12.4655,375.60132,-0.38317007,0.5728615,-0.30400234,-0.65771806,0.7186084,-0.106981,-0.031738766,-0.12748913,616.32996
553.05756,12.456278,376.33234,-0.38939545,0.5784963,-0.29518452,-0.6531305,0.60234225,-0.039566644,0.0004882887,-0.0004882887,616.43
550.8979,12.395975,377.03802,-0.39000762,0.5798236,-0.29452732,-0.65188366,0.5505608,0.0004882887,0.0004882887,0.030762188,616.52997
548.78503,12.275824,377.717,-0.38258436,0.5846938,-0.30291697,-0.64807695,0.6013657,0.0004882887,0.0004882887,0.120653085,616.63
546.68384,12.118265,378.3737,-0.37084013,0.5923482,-0.3158692,-0.64173824,0.74694437,-0.0073243305,0.0004882887,0.12945755,616.73
544.51776,11.972701,379.0123,-0.35240585,0.6074374,-0.3336634,-0.62888694,0.797261,-0.051285572,-0.01904326,0.25645837,616.82996
542.263,11.857541,379.62003,-0.31384963,0.63607633,-0.36616224,-0.6023542,0.7557336,-0.06398108,-0.062027924,0.3893492,616.93
539.9498,11.756205,380.16934,-0.24682674,0.6754689,-0.40837017,-0.56218517,0.7176318,-0.08645762,-0.14215305,0.50170135,617.02997
537.6002,11.658145,380.6275,-0.14456697,0.72422224,-0.45345905,-0.49897656,0.740589,-0.1157702,-0.2232395,0.58377963,617.13
535.4521,11.588917,380.9096,-0.035839424,0.7617907,-0.4887296,-0.42371443,0.7694133,-0.124559395,-0.18904403,0.566186,617.2125
532.7842,11.561298,380.98294,0.030338068,0.7772113,-0.51493704,-0.3603636,0.8099642,-0.08841077,0.0004882887,0.12651256,617.32996
530.3418,11.593949,380.73788,0.027647305,0.78113246,-0.5168377,-0.3492083,0.81045246,-0.06007477,0.0004882887,-0.0004882887,617.43
527.9072,11.668738,380.21707,0.022947775,0.7842194,-0.51709354,-0.34218082,0.7508507,-0.04054322,0.0004882887,-0.0004882887,617.52997
525.5224,11.742629,379.50504,0.02166786,0.7850037,-0.51716965,-0.340346,0.5202716,0.0004882887,0.0004882887,-0.0004882887,617.63
523.23517,11.745625,378.73682,0.013498077,0.78512233,-0.5136501,-0.34578094,0.3576028,0.0004882887,0.0004882887,-0.2300908,617.73
521.0616,11.647392,377.97726,-0.029134251,0.7846318,-0.49417785,-0.37321916,0.41622034,0.0004882887,0.0004882887,-0.25352865,617.82996
518.97833,11.467656,377.21417,-0.049543165,0.78354394,-0.4843495,-0.38601792,0.49877927,0.0004882887,0.0004882887,-0.031738766,617.93
516.959,11.231999,376.42114,-0.050537426,0.783413,-0.48391986,-0.38669303,0.5183185,0.0004882887,0.0004882887,-0.022949569,618.02997
514.9866,10.957785,375.5783,-0.07243514,0.7816251,-0.4729716,-0.4001417,0.7669718,0.0004882887,0.0004882887,-0.28186464,618.13
512.9859,10.728851,374.59842,-0.11467325,0.7788717,-0.44471395,-0.427128,0.897406,0.0004882887,-0.034683757,-0.31313038,618.23
510.8983,10.611725,373.45505,-0.16401483,0.77078795,-0.41367307,-0.4559164,0.88372624,0.02978561,0.0004882887,-0.38542762,618.32996
508.73425,10.584856,372.21896,-0.23451479,0.74365,-0.368006,-0.5065165,0.7923781,0.17341879,-0.050308995,-0.49877164,618.43
507.4161,10.587845,371.4735,-0.2743929,0.71705765,-0.33127666,-0.54844564,0.7791867,0.23888,-0.1314107,-0.50560766,618.4893
504.2786,10.6373205,369.8104,-0.36032948,0.60982084,-0.21705648,-0.6716902,0.7826047,0.34732586,-0.13043413,-0.5818265,618.63
501.95493,10.733979,368.76685,-0.41378972,0.5124422,-0.13268994,-0.7406582,0.7879759,0.26135653,-0.09231708,-0.49779508,618.73
499.5565,10.8990755,367.92355,-0.45082456,0.45397416,-0.07243085,-0.7651265,0.7117723,0.058121614,0.0004882887,-0.32486457,618.82996
497.12817,11.095341,367.2842,-0.47798532,0.42137092,-0.026619988,-0.7702389,0.6218814,0.046402685,0.0004882887,-0.323888,618.93
494.70596,11.280803,366.81818,-0.5052836,0.38078156,0.021152308,-0.7741101,0.6047837,0.078645,0.0004882887,-0.3610132,619.02997
492.3041,11.443613,366.53033,-0.5381718,0.31506056,0.08024723,-0.7776043,0.6614557,0.18806745,-0.021972992,-0.49779508,619.13
489.9345,11.5876045,366.47223,-0.56816196,0.22623737,0.15485086,-0.77590597,0.70248723,0.11967651,-0.057145037,-0.4352636,619.23
487.63647,11.709861,366.71017,-0.5772158,0.17248206,0.19908404,-0.77294075,0.71519035,0.09036393,-0.06007477,-0.17146564,619.32996
485.4456,11.800882,367.2555,-0.5720843,0.15233316,0.20238876,-0.7800981,0.72594035,0.07180896,-0.10502785,-0.0004882887,619.43
483.37186,11.863148,368.0923,-0.56213653,0.14072844,0.19826731,-0.7904987,0.73668265,0.06398108,-0.10112154,0.020996414,619.52997
481.4202,11.903243,369.1989,-0.54764986,0.1356822,0.18330017,-0.80502856,0.7445029,0.07669184,-0.12553598,0.14215305,619.63
479.59183,11.929588,370.54483,-0.52948475,0.13573545,0.1550131,-0.8229173,0.7567102,0.10112154,-0.124559395,0.1861143,619.73
477.88324,11.955193,372.0987,-0.5128526,0.13539717,0.1229219,-0.83877295,0.783093,0.10405127,-0.09231708,0.17048906,619.82996
476.2856,11.99477,373.83868,-0.4994029,0.13234234,0.0927829,-0.85116017,0.79042494,0.10405127,-0.07376211,0.116746776,619.93
474.78635,12.055336,375.73904,-0.4892113,0.12505594,0.07060699,-0.8602604,0.7977493,0.10112154,-0.075715266,0.106004424,620.02997
473.37656,12.138915,377.77466,-0.47688743,0.119397484,0.048158497,-0.86948466,0.8016556,0.087434195,-0.09036393,0.11381704,620.13
472.047,12.248749,379.92242,-0.4630862,0.11617102,0.028372448,-0.8782087,0.8119173,0.054215305,-0.07376211,0.095246814,620.23
470.78912,12.386314,382.15817,-0.4574603,0.1181651,0.020050097,-0.8811158,0.71567863,0.0004882887,0.0004882887,-0.0004882887,620.32996
469.6023,12.507232,384.40656,-0.45755097,0.11806681,0.020066852,-0.8810816,0.5456703,0.0004882887,0.0004882887,-0.0004882887,620.43
468.48767,12.555329,386.58777,-0.45762923,0.11796672,0.0200882,-0.8810538,0.4098726,0.0004882887,0.0004882887,-0.0004882887,620.52997
467.4403,12.506214,388.66974,-0.45736957,0.11695298,0.021918712,-0.8812802,0.40791944,0.0004882887,-0.03761349,-0.07473869,620.63
466.4512,12.367757,390.66693,-0.45346195,0.10844952,0.038605236,-0.8838104,0.5065919,0.003418021,-0.053238727,-0.16070803,620.73
465.5136,12.172912,392.62784,-0.4501901,0.081960924,0.07541669,-0.8859592,0.6111314,0.098191805,-0.072785534,-0.34830242,620.82996
464.63522,11.962406,394.61176,-0.44396672,0.017662425,0.15348448,-0.88262355,0.7440146,0.13824674,-0.14801252,-0.5388266,620.93
463.869,11.785727,396.693,-0.4186381,-0.07541133,0.27269694,-0.8629552,0.8182651,0.1401999,-0.21152057,-0.5984283,621.02997
463.32333,11.673845,398.91684,-0.36836204,-0.17303823,0.39050105,-0.8257579,0.88323796,0.13824674,-0.3365835,-0.62969404,621.13
463.14264,11.636866,401.25162,-0.27443254,-0.2914877,0.50843465,-0.7623752,0.98925,0.17146564,-0.44600594,-0.6863661,621.23
463.50327,11.676775,403.56876,-0.15095225,-0.414227,0.6128192,-0.65580654,1,0.20956741,-0.47824827,-0.6922255,621.32996
464.41663,11.730624,405.62616,-0.0068419557,-0.5326135,0.673015,-0.51315385,1,0.20663768,-0.53589684,-0.6844129,621.43
464.53235,11.733791,405.80853,0.007865474,-0.54313505,0.67631084,-0.4975401,1,0.20663768,-0.53589684,-0.6844129,621.432
467.14545,11.642954,408.2465,0.17603357,-0.69508266,0.6365303,-0.28408024,0.88372624,0.20761426,-0.39520866,-0.014160372,621.63
468.60324,11.511898,408.78638,0.1699095,-0.748171,0.5938119,-0.24240147,0.83096814,0.22519265,-0.31313038,0.013183795,621.73
470.0434,11.381151,408.89478,0.15104249,-0.7966695,0.5473796,-0.2070733,0.82559705,0.2144503,-0.3649195,0.083527885,621.82996
471.44806,11.307292,408.58597,0.13812332,-0.8505439,0.47859594,-0.16865066,0.8861677,0.20663768,-0.484123,0.026855879,621.93
472.7853,11.371102,407.87576,0.13626334,-0.8990374,0.39718896,-0.12411771,0.89008164,0.17830168,-0.3033646,-0.0004882887,622.02997
474.01974,11.62188,406.83832,0.13154052,-0.9100556,0.37920162,-0.103450604,0.737171,0.021972992,0.0004882887,-0.0004882887,622.13
475.16275,11.957399,405.62393,0.13079965,-0.90870225,0.38283968,-0.1028865,0.53150225,0.0004882887,0.034683757,-0.0004882887,622.23
476.23813,12.269146,404.3508,0.13021162,-0.90637136,0.38833964,-0.103577636,0.4836347,0.0004882887,0.049332418,-0.0004882887,622.32996
477.2544,12.532032,403.04736,0.12920566,-0.90320337,0.3957068,-0.10462213,0.42843518,0.0004882887,0.06594949,0.035660334,622.43
478.21857,12.7272835,401.73566,0.11547145,-0.9001984,0.40480465,-0.11154524,0.34978256,0.0004882887,0.083527885,0.14215305,622.52997
479.13934,12.8364725,400.43866,0.08759204,-0.8972804,0.41427866,-0.12485567,0.35027087,0.0004882887,0.095246814,0.17830168,622.63
480.02277,12.866563,399.15042,0.05866397,-0.8934008,0.42334494,-0.13846533,0.4934081,0.0004882887,0.09916838,0.17048906,622.73
480.87457,12.855573,397.82758,0.03056506,-0.8884078,0.4322491,-0.15151897,0.562768,0.0004882887,0.083527885,0.16658275,622.82996
481.70358,12.82781,396.4431,0.0023499625,-0.88320684,0.43917233,-0.16452333,0.57595944,0.0004882887,0.07669184,0.17927825,622.93
482.51816,12.783959,395.00052,-0.029286463,-0.87803066,0.4428001,-0.17925541,0.5671702,0.0004882887,0.038590066,0.22421607,623.02997
483.3251,12.715953,393.51477,-0.07432325,-0.87359726,0.43420643,-0.20680584,0.5559319,-0.078645,0.0004882887,0.3404898,623.13
484.13562,12.619394,392.00052,-0.1362946,-0.8613824,0.4176758,-0.25493345,0.5793774,-0.11186389,0.0004882887,0.40790418,623.23
484.9699,12.500298,390.46637,-0.20717792,-0.83805996,0.39499554,-0.3141837,0.57400626,-0.17146564,0.0004882887,0.45969328,623.32996
485.84946,12.359447,388.9283,-0.28224006,-0.8017882,0.3657816,-0.37905154,0.60673684,-0.16560617,-0.01123064,0.4675059,623.43
486.81665,12.210663,387.3943,-0.3482866,-0.75989616,0.32656,-0.44114965,0.68099487,-0.17244221,-0.11479362,0.4391699,623.52997
487.92758,12.079327,385.8852,-0.39526793,-0.71871775,0.28137368,-0.498033,0.71470207,-0.16267644,-0.13531701,0.38054475,623.63
489.2157,11.981202,384.43735,-0.4284011,-0.678587,0.23778337,-0.54722136,0.74010074,-0.16169986,-0.13824674,0.3571069,623.73
490.69632,11.9246235,383.08612,-0.46130928,-0.6324053,0.19369566,-0.59138757,0.7200732,-0.16755933,-0.08938735,0.40302128,623.82996
492.3379,11.892149,381.8644,-0.5018564,-0.56574655,0.1456894,-0.6378445,0.6458228,-0.26526284,-0.16169986,0.4714122,623.93
494.0856,11.847704,380.78653,-0.527577,-0.46395648,0.06822941,-0.70834434,0.68343633,-0.34244296,-0.3893492,0.5994049,624.02997
495.92725,11.805441,379.9173,-0.5236914,-0.31235033,-0.054226816,-0.79072374,0.797261,-0.40790418,-0.4684825,0.66193634,624.13
497.79703,11.82237,379.3957,-0.49552152,-0.14910066,-0.1746338,-0.83769363,0.9140154,-0.32681772,-0.36198977,0.5290608,624.23
499.37308,11.933809,379.31253,-0.4733535,-0.04762876,-0.23668458,-0.8471414,0.9379568,-0.2584268,-0.23692684,0.44014648,624.3149
501.0472,12.190413,379.6665,-0.4531491,0.04512941,-0.3061369,-0.83600205,0.779675,-0.17439537,-0.14996567,0.47336537,624.43
502.3222,12.465178,380.26852,-0.439936,0.12682196,-0.38270313,-0.80244046,0.6096666,-0.16169986,-0.028809033,0.46945906,624.52997
503.39282,12.707749,381.00653,-0.43809122,0.18431538,-0.43346378,-0.7656457,0.67659265,-0.16169986,0.0004882887,0.23692684,624.63
504.21268,12.906867,381.86954,-0.44692424,0.2151383,-0.43589908,-0.7509769,0.7117723,-0.16560617,0.0004882887,0.028809033,624.73
504.74445,13.070866,382.8753,-0.45588204,0.24174508,-0.42879093,-0.7415316,0.6902724,-0.15875487,-0.068879224,0.124559395,624.82996
505.01428,13.19282,384.00266,-0.44356626,0.28380018,-0.42995337,-0.73338026,0.637026,-0.1528954,-0.22421607,0.20956741,624.93
505.0767,13.262237,385.20178,-0.40759298,0.3394271,-0.43576065,-0.7271657,0.5290608,-0.12358282,-0.27600518,0.23106737,625.02997
504.98746,13.273183,386.42526,-0.36868063,0.3892578,-0.43522453,-0.72327906,0.50024414,-0.11772335,-0.25255206,0.13629359,625.13
504.76865,13.229742,387.65112,-0.33449998,0.4293197,-0.42599884,-0.7227167,0.49047837,-0.08645762,-0.24376288,0.120653085,625.23
504.42975,13.140209,388.86874,-0.30271304,0.4619715,-0.41626298,-0.72226894,0.4797284,-0.0698558,-0.20761426,0.10795758,625.32996
503.9803,13.011221,390.06897,-0.27149612,0.48768276,-0.41354227,-0.71933174,0.4890135,-0.01123064,-0.17537194,0.14215305,625.43
503.40308,12.862795,391.242,-0.24729268,0.50140375,-0.41463152,-0.71799815,0.71567863,0.0004882887,-0.057145037,0.025879301,625.52997
502.5949,12.768116,392.37003,-0.24342911,0.50352407,-0.4127758,-0.7189033,0.7611124,0.0004882887,0.0004882887,-0.0004882887,625.63
501.54044,12.744015,393.44403,-0.24347804,0.50342584,-0.41277602,-0.71895546,0.5950103,0.0004882887,0.0004882887,-0.016113527,625.73
500.3562,12.720804,394.4661,-0.2470525,0.5016055,-0.40775067,-0.72187006,0.40205234,0.0004882887,0.0004882887,-0.07473869,625.82996
499.1503,12.632458,395.44562,-0.25474855,0.4976667,-0.39667055,-0.72806835,0.2725948,0.0004882887,0.0004882887,-0.16070803,625.93
497.96655,12.452901,396.38763,-0.27574515,0.4862748,-0.36534226,-0.7443296,0.23058671,0.0004882887,0.0004882887,-0.2838178,626.02997
496.81345,12.17926,397.29718,-0.2993874,0.47201967,-0.32829505,-0.7614375,0.22765699,0.0004882887,0.0004882887,-0.22030976,626.13
495.6864,11.817104,398.1797,-0.3142199,0.46202666,-0.30252346,-0.7721896,0.33512628,0.0004882887,-0.0415198,-0.14605936,626.23
494.55005,11.396892,399.0474,-0.3128949,0.45872992,-0.2749918,-0.78488415,0.67953,0.0004882887,-0.19394217,-0.2056611,626.32996
493.28278,11.037951,399.94553,-0.30159357,0.45407036,-0.21697466,-0.80980456,0.82413214,0.0004882887,-0.2515755,-0.295552,626.43
491.84097,10.84199,400.91324,-0.29785734,0.4442544,-0.15683341,-0.8302543,0.7708782,0.0004882887,-0.14117648,-0.2701457,626.52997
490.29926,10.778187,401.94714,-0.30386424,0.4329268,-0.1121936,-0.84122145,0.626276,0.0004882887,-0.07083238,-0.14605936,626.63
490.14297,10.775632,402.05307,-0.30404934,0.4322433,-0.109480426,-0.84186333,0.626276,0.0004882887,-0.07083238,-0.14605936,626.635
487.14374,10.820197,404.13644,-0.29990894,0.43084168,-0.09985227,-0.8452572,0.62285805,0.0004882887,0.0004882887,-0.0004882887,626.82996
485.5481,10.9082155,405.28058,-0.29530796,0.43148583,-0.09828111,-0.8467313,0.70444036,0.0004882887,-0.098191805,0.05909819,626.93
483.92502,11.0768175,406.4721,-0.27189648,0.43847704,-0.10614011,-0.85002625,0.76208895,0.0004882887,-0.13824674,0.17537194,627.02997
482.26788,11.348924,407.70596,-0.23771927,0.45094207,-0.13272476,-0.8500147,0.62285805,0.0004882887,-0.021972992,0.30238804,627.13
480.61594,11.645025,408.93182,-0.20797929,0.4651267,-0.18507497,-0.84032685,0.46702525,-0.02978561,0.0004882887,0.3561303,627.23
479.00278,11.882454,410.1147,-0.17447813,0.49100557,-0.24607868,-0.8172615,0.4045014,-0.10893416,0.0004882887,0.38054475,627.32996
477.4279,12.044421,411.24765,-0.13859466,0.521283,-0.30605257,-0.7844664,0.4240406,-0.14215305,-0.0630045,0.39227894,627.43
475.87344,12.14041,412.32837,-0.09171403,0.5569943,-0.3584287,-0.7435555,0.44797435,-0.17244221,-0.14410621,0.39618525,627.52997
474.31818,12.186286,413.3472,-0.03730989,0.595947,-0.40152043,-0.69443244,0.48119324,-0.19099718,-0.16658275,0.3932555,627.63
472.7428,12.1994505,414.2834,0.014031211,0.63131994,-0.43675148,-0.6406921,0.5012207,-0.18709087,-0.15191883,0.31898984,627.73
471.1368,12.190411,415.11203,0.04829252,0.6612387,-0.4541695,-0.5951146,0.5075685,-0.18709087,-0.14117648,0.18416114,627.82996
469.50146,12.1619,415.81924,0.06304066,0.6898704,-0.457312,-0.55764735,0.4758221,-0.19882506,-0.116746776,0.14410621,627.93
467.85083,12.103503,416.4156,0.073014274,0.7163303,-0.45942485,-0.520066,0.44113833,-0.19980164,-0.12553598,0.13434044,628.02997
466.1962,12.005495,416.91272,0.08355087,0.74382156,-0.45582238,-0.4816377,0.45481804,-0.20273137,-0.17048906,0.11967651,628.13
464.53595,11.877827,417.30023,0.09589595,0.77685267,-0.44016466,-0.43995336,0.5881743,-0.2633097,-0.25255206,0.095246814,628.23
462.8606,11.776347,417.51337,0.10233779,0.82027096,-0.41475886,-0.3803392,0.6995575,-0.3170367,-0.25940338,0.112840466,628.32996
461.17825,11.761141,417.49564,0.11441246,0.8550954,-0.3971057,-0.31309566,0.70151067,-0.29457542,-0.16951248,0.23790342,628.43
459.5184,11.837338,417.25342,0.1490952,0.87393147,-0.3951268,-0.2406023,0.6746395,-0.25255206,-0.18904403,0.36198977,628.52997
457.91632,11.982739,416.8071,0.21044919,0.8831934,-0.38631198,-0.16261514,0.66829175,-0.22519265,-0.23106737,0.37566185,628.63
456.4184,12.187928,416.16428,0.2604329,0.88499415,-0.37426326,-0.0942717,0.6560769,-0.19784848,-0.16365302,0.31020066,628.73
455.58502,12.335651,415.6907,0.2833241,0.8834614,-0.36854652,-0.058282956,0.6472877,-0.19784848,-0.1528954,0.2711223,628.7828
453.85562,12.727075,414.3684,0.32598785,0.8747752,-0.35796663,0.018984312,0.60771346,-0.18904403,-0.11088731,0.2623331,628.93
452.80972,13.022024,413.27545,0.35914162,0.8609385,-0.35334647,0.070345186,0.53346306,-0.15191883,-0.06594949,0.2847944,629.02997
451.9045,13.294759,412.10464,0.3949136,0.84204334,-0.35072097,0.10954992,0.4416266,-0.08157473,-0.0122072175,0.23985657,629.13
451.1075,13.511534,410.89563,0.4222984,0.82548076,-0.3504607,0.13199602,0.34441137,-0.055191882,0.0004882887,0.18709087,629.23
450.38702,13.650516,409.67392,0.44656134,0.8098056,-0.3494829,0.15053152,0.33170825,-0.05226215,0.0004882887,0.19394217,629.32996
449.74182,13.709152,408.4428,0.47108108,0.79279065,-0.3470918,0.17056653,0.4098726,-0.061051346,-0.05909819,0.22813764,629.43
449.2004,13.695718,407.19278,0.4967969,0.7752137,-0.33552313,0.19914989,0.5109865,-0.08059815,-0.106981,0.19491875,629.52997
448.82123,13.625662,405.911,0.51016533,0.7635605,-0.32296214,0.22891551,0.59354544,-0.091340505,-0.10893416,0.13434044,629.63
448.65723,13.51387,404.59338,0.5114107,0.7578786,-0.31925017,0.249316,0.6003891,-0.078645,-0.01513695,-0.0004882887,629.73
448.70715,13.36167,403.24985,0.5072682,0.75523317,-0.32448617,0.25886446,0.5813382,-0.062027924,-0.008300908,-0.0004882887,629.82996
448.94785,13.164579,401.891,0.50339127,0.75393534,-0.32771063,0.2660535,0.584268,-0.042496376,-0.021972992,-0.109910734,629.93
449.3608,12.919837,400.52423,0.46444094,0.7764229,-0.3378507,0.2594593,0.5798657,-0.042496376,-0.09036393,-0.30531776,630.02997
449.91064,12.63188,399.1511,0.4371731,0.79171306,-0.33624262,0.2627,0.4279469,-0.04444953,-0.078645,-0.006347753,630.13
450.52057,12.281854,397.79617,0.42972478,0.79440516,-0.33234408,0.27166986,0.32046998,-0.051285572,-0.053238727,-0.124559395,630.23
451.15512,11.85598,396.4712,0.39167213,0.81358534,-0.3316705,0.2732516,0.52759594,-0.04835584,-0.19394217,-0.27795833,630.32996
451.87994,11.402364,395.14426,0.32902053,0.84714603,-0.31812215,0.2699771,0.7098192,-0.0073243305,-0.2633097,-0.36589608,630.43
452.77264,11.011524,393.76294,0.24996679,0.8829162,-0.2973604,0.2637278,0.78504616,-0.027832456,-0.25450522,-0.3571069,630.52997
453.825,10.751965,392.30664,0.18023264,0.9076856,-0.28067145,0.25465012,0.7098192,0.0004882887,-0.075715266,-0.19882506,630.63
454.95532,10.591155,390.80582,0.1595393,0.9123689,-0.28301737,0.2490609,0.5344396,0.0004882887,0.0004882887,-0.09036393,630.73
455.41324,10.532933,390.20447,0.154073,0.91331244,-0.2845202,0.24732634,0.52759594,0.0004882887,0.0004882887,-0.09427024,630.7653
457.25653,10.307377,387.8037,0.12322473,0.91961116,-0.2864568,0.23890042,0.6614557,0.0004882887,-0.07083238,-0.20761426,630.93
458.43542,10.230544,386.27127,0.08064316,0.92801416,-0.28325114,0.2281561,0.6878309,0.0004882887,-0.08255131,-0.2144503,631.02997
459.62827,10.240776,384.69058,0.059824437,0.93189853,-0.2797847,0.22294986,0.5974594,0.0004882887,-0.01123064,-0.0004882887,631.13
460.81012,10.290073,383.09085,0.059725557,0.931985,-0.27958032,0.22287166,0.49877927,0.0004882887,0.0004882887,-0.0004882887,631.23
461.9674,10.32592,381.50302,0.059372067,0.9323882,-0.2783175,0.22286057,0.51196307,0.0004882887,-0.03761349,-0.0004882887,631.32996
463.10345,10.354441,379.9227,0.056033492,0.9350369,-0.2699192,0.22295755,0.6008774,0.0004882887,-0.10795758,-0.06790265,631.43
464.22906,10.417921,378.32788,0.03045581,0.9412489,-0.2562334,0.21787031,0.66194403,0.0004882887,-0.12748913,-0.19394217,631.52997
465.34177,10.55384,376.70154,-0.002153206,0.9457035,-0.24785192,0.21026078,0.63995576,0.0004882887,-0.04444953,-0.112840466,631.63
466.4264,10.752631,375.04956,-0.009726808,0.94618005,-0.24750379,0.20830405,0.58475626,0.0004882887,0.0004882887,-0.0004882887,631.73
467.47668,10.976344,373.392,-0.0097424975,0.9461693,-0.24761681,0.20821768,0.4855955,0.0004882887,0.0004882887,-0.0004882887,631.82996
468.49017,11.177367,371.7538,-0.008706963,0.9461731,-0.24748166,0.20840712,0.4225757,0.0004882887,0.0004882887,0.043472953,631.93
469.46606,11.3251295,370.1497,0.006075059,0.9461909,-0.24427655,0.21216704,0.37225908,0.0004882887,0.0004882887,0.1401999,632.02997
470.40796,11.410457,368.58392,0.030262867,0.94572604,-0.23884843,0.2182612,0.44113833,0.0004882887,0.0004882887,0.15875487,632.13
471.3294,11.462352,367.0372,0.055248555,0.94459784,-0.23306732,0.22441506,0.50024414,0.0004882887,0.0004882887,0.15094225,632.23
472.24622,11.5100765,365.49094,0.07907545,0.9429062,-0.22739655,0.23014282,0.5207599,0.0004882887,0.0004882887,0.13336386,632.32996
473.1683,11.56878,363.94113,0.097432226,0.9411904,-0.22294441,0.23444302,0.5559319,0.0004882887,0.0004882887,0.07473869,632.43
474.10245,11.655647,362.3892,0.10037876,0.94013363,-0.22238782,0.23794271,0.60234225,-0.043472953,0.0004882887,-0.0004882887,632.52997
475.051,11.788055,360.83536,0.098565,0.93820703,-0.22326735,0.24536544,0.5490959,-0.04835584,0.0004882887,-0.0004882887,632.63
476.00143,11.930348,359.29416,0.100969575,0.9363851,-0.22271144,0.2517692,0.38690776,-0.0327306,-0.038590066,0.055191882,632.73
476.9336,12.014949,357.79,0.104788706,0.93741465,-0.20281184,0.26294574,0.32095826,-0.057145037,-0.19394217,0.091340505,632.82996
477.84732,12.0213375,356.32114,0.10764884,0.93978906,-0.1631763,0.2803244,0.2677119,-0.07766842,-0.25645837,0.106004424,632.93
478.74222,11.942431,354.88763,0.10978973,0.94016886,-0.11370013,0.30182943,0.2540322,-0.087434195,-0.25940338,0.12260624,633.02997
479.6241,11.788275,353.48428,0.112733275,0.9376924,-0.066765584,0.3218177,0.3395285,-0.083527885,-0.24083315,0.112840466,633.13
480.50684,11.59742,352.1041,0.1144105,0.9320043,-0.022657126,0.34316912,0.44846267,-0.11869993,-0.2339971,0.10014496,633.23
481.40363,11.428915,350.75247,0.11528869,0.9217301,0.02161926,0.36966842,0.61015487,-0.16755933,-0.27795833,0.1489891,633.32996
482.32657,11.370855,349.45404,0.12887439,0.9008183,0.085621424,0.40569302,0.665362,-0.19491875,-0.3170367,0.2584268,633.43
483.2762,11.467779,348.25073,0.15104875,0.8734403,0.14668767,0.4390547,0.68197143,-0.18806745,-0.2300908,0.21738003,633.52997
483.66232,11.551383,347.8059,0.15897796,0.86305505,0.1637414,0.45061153,0.6985809,-0.17244221,-0.1528954,0.15973145,633.56793
485.24182,12.172576,346.28986,0.17035925,0.8356492,0.1735456,0.49249363,0.71714354,-0.1685359,0.0004882887,-0.0004882887,633.73
486.25403,12.7885685,345.55774,0.17432064,0.82244915,0.1685304,0.5145749,0.64875257,-0.1157702,0.0004882887,-0.06398108,633.82996
487.27435,13.516485,344.95984,0.15913777,0.81852114,0.14831175,0.5316974,0.6433738,-0.09329366,0.026855879,-0.21347372,633.93
488.2932,14.336987,344.47568,0.13026807,0.817061,0.12454384,0.5476589,0.647776,-0.058121614,0.01513695,-0.22030976,634.02997
489.29688,15.219465,344.07993,0.09675614,0.8232051,0.08063085,0.5535977,0.41866177,0.0004882887,0.21738003,-0.3375601,634.13
490.27307,16.043879,343.71948,0.0621699,0.83066356,0.006614474,0.5532533,0.25305563,0.0004882887,0.24083315,-0.3561303,634.23
491.22015,16.751192,343.37222,0.027714971,0.8326519,-0.06255751,0.5495536,0.11138323,0.0004882887,0.1861143,-0.29848173,634.32996
492.13986,17.333382,343.03455,-0.0021036956,0.83063334,-0.11873838,0.5440083,0.07767606,0.0004882887,0.17537194,-0.2906691,634.43
493.03516,17.796015,342.70575,-0.032469034,0.82567036,-0.17162238,0.5364326,0.08842602,0.0004882887,0.1646296,-0.28088808,634.52997
493.90875,18.144007,342.38455,-0.05668804,0.8178635,-0.22093678,0.52827334,0.15730527,0.0004882887,0.13043413,-0.15680172,634.63
494.76703,18.403753,342.05676,-0.058096424,0.81527716,-0.23288475,0.5269846,0.6028305,0.0004882887,0.0004882887,0.020996414,634.73
495.63504,18.7216,341.65213,-0.043210182,0.8162152,-0.22335967,0.5310707,0.6033188,0.0004882887,0.0004882887,0.2339971,634.82996
496.50903,19.082523,341.18387,-0.0039475597,0.8173743,-0.19768077,0.5411157,0.05813688,0.0004882887,0.0004882887,0.2662394,634.93
497.10986,19.27911,340.85812,0.02760835,0.8169376,-0.17671178,0.54829156,0.0019607842,0.0004882887,0.0004882887,0.31606013,634.99286
498.20056,19.502188,340.26495,0.11208449,0.80961466,-0.121286035,0.5632505,0.0019607842,0.0004882887,0.046402685,0.42159152,635.13
499.0217,19.553091,339.81754,0.1925609,0.79454845,-0.07931295,0.57037044,0.0019607842,0.0004882887,0.10307469,0.40302128,635.23
499.83066,19.501461,339.37762,0.26507133,0.77547675,-0.049500477,0.57089645,0.0009842217,0.0004882887,0.1157702,0.34830242,635.32996
500.63016,19.348639,338.94342,0.32725832,0.754049,-0.020435164,0.56911725,0.0019607842,0.0004882887,0.030762188,0.36882582,635.43
501.4216,19.095898,338.51367,0.38647357,0.72629374,0.021703374,0.5680358,0.0009842217,0.0004882887,0.009277485,0.3698024,635.52997
502.20572,18.743929,338.0886,0.4377605,0.69538707,0.060632676,0.56668,0.0009842217,-0.030762188,0.0004882887,0.32486457,635.63
502.98206,18.293344,337.6686,0.47638026,0.66638976,0.08949061,0.5665491,0.0019607842,-0.04444953,0.0004882887,0.22716106,635.73
503.7487,17.74528,337.25488,0.49648848,0.6472218,0.10174731,0.5694301,0.0019607842,-0.06790265,0.0004882887,0.08255131,635.82996
504.5039,17.101742,336.84802,0.5013623,0.6368866,0.09607541,0.5777376,0.067422,-0.12553598,0.009277485,-0.0004882887,635.93
505.24655,16.364737,336.44943,0.48402122,0.63497674,0.060242373,0.59908175,0.26722363,-0.2056611,0.0004882887,-0.43331045,636.02997
505.98563,15.545557,336.07315,0.4004731,0.6704185,-0.034673437,0.6236651,0.32046998,-0.17927825,0.0004882887,-0.5867094,636.13
506.7342,14.665908,335.7238,0.2864193,0.70910805,-0.14589295,0.62757075,0.3336614,-0.10405127,0.0004882887,-0.5769284,636.23
507.49963,13.744088,335.3864,0.220389,0.7288303,-0.20388266,0.61535937,0.40694284,0.0004882887,0.0004882887,-0.27795833,636.32996
508.3214,12.840772,335.04803,0.20769402,0.73259616,-0.21468493,0.61161786,0.7274052,0.0004882887,0.0004882887,-0.0004882887,636.43
509.31674,12.118413,334.69385,0.2170499,0.7300738,-0.2007243,0.6161099,0.8387884,0.0004882887,-0.11479362,0.3443961,636.52997
510.54633,11.669973,334.33847,0.27034208,0.71118194,-0.12776396,0.6362483,0.88323796,0.0004882887,-0.102098115,0.4352636,636.63
512.00134,11.507057,334.06454,0.3120864,0.6931651,-0.08280354,0.64441276,0.7694133,0.0004882887,0.0004882887,0.0073243305,636.73
513.58307,11.491135,333.88596,0.31246692,0.69303626,-0.082371555,0.6444223,0.47338063,0.0004882887,0.0004882887,-0.0004882887,636.82996
515.20734,11.503382,333.76224,0.31237635,0.69311404,-0.08234262,0.6443863,0.7674601,0.0004882887,0.0004882887,-0.0004882887,636.93
516.9136,11.616596,333.7229,0.25742835,0.71573853,-0.13558501,0.6348746,0.52759594,0.0004882887,0.0698558,-0.74694437,637.02997
517.9371,11.67794,333.7174,0.15299997,0.74509144,-0.2317431,0.6064033,0.30337226,0.0004882887,0.0415198,-0.73325706,637.0839
520.24713,11.680193,333.69318,0.0656146,0.7575675,-0.3028046,0.57453954,0.12799269,0.0004882887,0.0004882887,-0.061051346,637.23
521.8348,11.552953,333.67236,0.06532599,0.7591787,-0.3035516,0.5720462,0.16512552,0.07473869,0.0004882887,-0.0004882887,637.32996
523.38434,11.330641,333.6483,0.0720229,0.77166134,-0.30212867,0.5550403,0.3991226,0.18709087,0.0004882887,-0.0004882887,637.43
524.9328,11.075328,333.59265,0.07984249,0.791919,-0.30155748,0.524931,0.5456703,0.19882506,0.0004882887,-0.14410621,637.52997
526.5108,10.846407,333.47736,0.058324143,0.8125427,-0.32008547,0.48365065,0.5246662,0.18416114,0.017090105,-0.24571604,637.63
528.1006,10.628267,333.30017,0.04994353,0.81879735,-0.32777387,0.46865854,0.405478,0.0004882887,0.0004882887,-0.0004882887,637.73
529.681,10.384238,333.08057,0.04990077,0.818834,-0.3278215,0.4685658,0.45725948,0.0004882887,0.0004882887,-0.0004882887,637.82996
531.2643,10.13871,332.8056,0.05055045,0.81987333,-0.3277434,0.46672976,0.68343633,0.0415198,0.0004882887,-0.0004882887,637.93
532.9053,10.006813,332.40485,0.05203967,0.8234874,-0.326279,0.46119675,0.8299916,0.02978561,-0.020996414,-0.0004882887,638.02997
534.63354,10.068526,331.83206,0.05226617,0.8261951,-0.32415658,0.45781255,0.7918898,0.01904326,0.0004882887,-0.0004882887,638.13
536.40424,10.254839,331.1351,0.055235606,0.8263616,-0.32259285,0.4582679,0.40791944,0.0004882887,0.0004882887,0.15582514,638.23
538.12573,10.383233,330.42847,0.09261964,0.82302773,-0.30158982,0.47232464,0.17342642,0.0004882887,0.0004882887,0.28674755,638.32996
539.7747,10.396719,329.75043,0.13538592,0.81710666,-0.27664992,0.48731124,0.27846187,0.0004882887,0.0004882887,0.25743496,638.43
541.37463,10.327904,329.09018,0.16958296,0.8107307,-0.25601363,0.49841213,0.58084995,0.0004882887,0.0004882887,0.19882506,638.52997
542.99615,10.282038,328.4188,0.19074705,0.80604196,-0.24300055,0.50483936,0.6922255,0.0004882887,0.0004882887,0.017090105,638.63
544.6825,10.321768,327.72824,0.18234287,0.80801696,-0.24833548,0.50218433,0.6238346,0.0004882887,0.0004882887,-0.2623331,638.73
546.3898,10.387573,327.03275,0.1389702,0.8166245,-0.2748588,0.4881234,0.26917678,0.0004882887,0.0004882887,-0.22813764,638.82996
548.04,10.365442,326.35672,0.11922533,0.8197652,-0.28663963,0.48125687,0.18905929,0.0004882887,0.0004882887,-0.0004882887,638.93
549.6267,10.238967,325.7045,0.119200796,0.81979376,-0.28673464,0.4811577,0.25207904,0.0004882887,0.0004882887,-0.0004882887,639.02997
551.1742,10.036362,325.06265,0.12049747,0.8196355,-0.28602117,0.48152858,0.57595944,0.0004882887,0.0004882887,0.10112154,639.13
551.9552,9.940045,324.72983,0.13087486,0.81805485,-0.27994066,0.48506832,0.68148315,0.0004882887,0.0004882887,0.20956741,639.17474
554.40485,9.816981,323.64972,0.18727396,0.8070607,-0.24574976,0.5031785,0.7137255,0.0004882887,0.0004882887,0.22128634,639.32996
556.12976,9.86864,322.89423,0.21732767,0.7984582,-0.22693287,0.51355106,0.6907607,-0.055191882,0.0004882887,0.20273137,639.43
557.91125,9.992411,322.1405,0.23955183,0.7819329,-0.21370775,0.53434527,0.66389716,-0.12748913,0.0004882887,0.16169986,639.52997
559.73737,10.165662,321.40543,0.2547102,0.76381934,-0.20527564,0.55638534,0.6673152,-0.11186389,0.0004882887,0.13727017,639.63
561.60236,10.376794,320.6992,0.264441,0.75411475,-0.19923137,0.5671761,0.5989242,0.0004882887,0.0004882887,0.009277485,639.73
563.4828,10.594742,320.02695,0.26473927,0.7540591,-0.19913605,0.56714463,0.5920806,0.0004882887,0.0004882887,-0.0004882887,639.82996
565.37146,10.811577,319.38705,0.2647695,0.7540972,-0.19922504,0.5670484,0.5906157,0.0004882887,0.0004882887,0.0043945983,639.93
567.2673,11.026531,318.77792,0.2691646,0.7513531,-0.19622338,0.5696627,0.5940337,-0.02978561,0.0004882887,0.075715266,640.02997
569.1692,11.238007,318.19977,0.27857128,0.74312663,-0.19003066,0.5779699,0.57449454,-0.06790265,0.0004882887,0.10502785,640.13
571.0713,11.436949,317.65485,0.29043993,0.7304043,-0.18240383,0.59066325,0.56130314,-0.07766842,0.0004882887,0.12945755,640.23
572.9714,11.617997,317.14612,0.30453455,0.7163215,-0.17272227,0.6035804,0.56570536,-0.07083238,0.0004882887,0.1401999,640.32996
574.87213,11.783407,316.67853,0.32034475,0.70182574,-0.16106528,0.6155306,0.57595944,-0.057145037,0.0004882887,0.15191883,640.43
576.77295,11.935592,316.25906,0.33830854,0.68854827,-0.1464108,0.6245098,0.54078734,-0.02978561,0.0004882887,0.17830168,640.52997
578.662,12.058576,315.8874,0.36367172,0.6724282,-0.12404433,0.63261074,0.47435722,-0.04054322,0.0004882887,0.25743496,640.63
580.52264,12.127825,315.55893,0.39979118,0.6443249,-0.09010871,0.64567244,0.4557946,-0.07376211,-0.035660334,0.33951324,640.73
582.36053,12.141537,315.28018,0.43629232,0.6038056,-0.040300112,0.6659158,0.55300224,-0.11869993,-0.13238728,0.38445106,640.82996
584.2088,12.129673,315.08777,0.465445,0.5525497,0.01813079,0.6911737,0.626276,-0.14508279,-0.17537194,0.37663844,640.93
586.088,12.120388,315.03506,0.48533082,0.49500993,0.07557786,0.7167337,0.6634089,-0.1646296,-0.18904403,0.36882582,641.02997
587.98883,12.122006,315.1639,0.49915612,0.43465203,0.12968756,0.7383103,0.66194403,-0.15484856,-0.18513772,0.34634927,641.13
589.88306,12.124964,315.4899,0.5068037,0.37844962,0.17936362,0.7534949,0.6184634,-0.11772335,-0.16658275,0.29848173,641.23
591.7393,12.107994,315.99573,0.5112355,0.33182788,0.2187424,0.76202387,0.5564202,-0.11088731,-0.13727017,0.26526284,641.32996
593.5372,12.047623,316.64294,0.51256543,0.2861746,0.2537257,0.76876795,0.49731442,-0.11479362,-0.17634852,0.26526284,641.43
595.26556,11.930876,317.4078,0.49822736,0.2252966,0.29953772,0.7818492,0.68343633,-0.16169986,-0.39911497,0.37273213,641.52997
596.87604,11.793204,318.3867,0.44415092,0.12248328,0.36950466,0.806966,0.81045246,-0.22813764,-0.51929504,0.44600594,641.63
598.24963,11.684266,319.66034,0.36509532,-0.0065556834,0.44116315,0.819779,0.8636988,-0.23497368,-0.53980315,0.4440528,641.73
598.805,11.649416,320.3949,0.32109064,-0.069822855,0.47057623,0.8188917,0.8671168,-0.22813764,-0.5290608,0.4186465,641.77167
599.8455,11.631088,322.79666,0.19742462,-0.2409696,0.521067,0.79463613,0.7933547,-0.27502862,-0.4714122,0.3443961,641.93
600.0755,11.666987,324.4049,0.13129622,-0.35563293,0.5337219,0.75592834,0.70053405,-0.3541619,-0.46262303,0.33853665,642.02997
600.04565,11.707657,325.92572,0.07372504,-0.46926782,0.5331779,0.7000526,0.6658503,-0.32974747,-0.38837263,0.26916915,642.13
599.8075,11.749814,327.3092,0.052169282,-0.5284216,0.5187102,0.6700662,0.64435035,-0.17146564,-0.14996567,-0.0004882887,642.23
599.38495,11.802014,328.54184,0.059614558,-0.5507576,0.51061815,0.65755713,0.63604945,-0.13531701,0.0004882887,-0.07766842,642.32996
598.78455,11.868307,329.6302,0.08856802,-0.56347185,0.4885275,0.6603001,0.60234225,-0.124559395,0.0004882887,-0.24473946,642.43
598.0247,11.945071,330.6001,0.12816809,-0.5715292,0.4513661,0.6731983,0.57009995,-0.1157702,0.0004882887,-0.31313038,642.52997
597.13513,12.023847,331.48395,0.17300077,-0.57382464,0.40454528,0.6907526,0.5725414,-0.083527885,0.0004882887,-0.34244296,642.63
596.1314,12.106381,332.30457,0.2187788,-0.5674519,0.35149086,0.7117502,0.5774243,-0.055191882,0.0004882887,-0.36296636,642.73
595.0297,12.193968,333.08493,0.24873328,-0.55910325,0.31433222,0.72576207,0.53248644,0.0004882887,0.0004882887,-0.0415198,642.82996
593.86084,12.268254,333.8414,0.24939317,-0.55874383,0.31361496,0.7261226,0.4650721,0.0004882887,0.0004882887,-0.0004882887,642.93
592.6526,12.306017,334.57358,0.24949549,-0.5586327,0.3136177,0.7261718,0.45335317,0.0004882887,0.0004882887,-0.0004882887,643.02997
591.40753,12.307458,335.28214,0.24957587,-0.55853117,0.31361696,0.7262226,0.5720531,0.0004882887,0.0004882887,-0,643.13
590.0834,12.314662,335.9682,0.2483601,-0.5590072,0.31530592,0.7255415,0.67610437,0.0004882887,0.0004882887,0.020996414,643.23
588.63873,12.372204,336.62894,0.24740131,-0.55936575,0.31651905,0.7250643,0.69613945,0.0004882887,0.0004882887,-0.0004882887,643.32996
587.0867,12.474532,337.2616,0.2483509,-0.5588842,0.31718034,0.724822,0.5764477,0.0004882887,0.039566644,-0.0004882887,643.43
585.4915,12.566543,337.86575,0.25629452,-0.5553017,0.32324305,0.7221268,0.50610363,0.0004882887,0.10112154,-0.0004882887,643.52997
583.88776,12.616313,338.4427,0.26995224,-0.54900074,0.33367583,0.717206,0.5217365,0.0004882887,0.12162966,-0.0004882887,643.63
582.2656,12.628531,338.99496,0.28129682,-0.54357004,0.34231338,0.7128992,0.6111314,0.0004882887,0.03370718,-0.0004882887,643.73
580.58325,12.6339245,339.5257,0.28217903,-0.54307765,0.34297836,0.7126062,0.6849012,0.0004882887,0.0004882887,-0.0004882887,643.82996
578.81146,12.658905,340.036,0.28221858,-0.5429906,0.34301397,0.71263975,0.6990692,0.0004882887,0.0004882887,-0.0004882887,643.93
576.9535,12.7055435,340.52594,0.28232577,-0.54286903,0.34299403,0.7126995,0.6907607,0.0004882887,0.0004882887,-0.0004882887,644.02997
575.0311,12.761501,340.99463,0.28801227,-0.5398074,0.33559006,0.71626556,0.64386207,0.0004882887,0.0004882887,-0.14215305,644.13
573.08203,12.802188,341.4447,0.3018264,-0.5321403,0.317079,0.7246989,0.55104905,0.0004882887,0.0004882887,-0.15680172,644.23
571.145,12.798072,341.88193,0.31616747,-0.5236844,0.2973681,0.73305184,0.46653697,0.0004882887,0.0004882887,-0.15191883,644.32996
569.2485,12.728638,342.30838,0.3264638,-0.5172699,0.2829159,0.7387908,0.47826353,0.0004882887,0.0004882887,-0.08059815,644.43
567.3812,12.603924,342.73035,0.3328338,-0.5131372,0.27386388,0.7422334,0.5476234,0.0004882887,0.0004882887,-0.07766842,644.52997
565.5146,12.44896,343.15765,0.3401979,-0.50822914,0.2632383,0.7461061,0.57058823,0.0004882887,0.0004882887,-0.109910734,644.63
563.6368,12.276198,343.59744,0.35046095,-0.50115585,0.24813685,0.75129753,0.57400626,0.0004882887,0.0004882887,-0.124559395,644.73
561.75195,12.085133,344.05368,0.35847086,-0.49541226,0.23616834,0.7551755,0.5222248,0.0004882887,0.0004882887,-0.045426108,644.82996
559.8755,11.864296,344.52438,0.3566844,-0.49557784,0.2333352,0.7567916,0.5544671,0.0004882887,-0.05909819,-0.0004882887,644.93
557.9939,11.627003,345.01428,0.34660396,-0.49855167,0.22668372,0.76152897,0.5940337,0.0004882887,-0.10112154,-0.0004882887,645.02997
556.09326,11.391676,345.52863,0.33417177,-0.50209224,0.2184921,0.76713353,0.5974594,0.0004882887,-0.11381704,-0.0004882887,645.13
554.174,11.165399,346.06628,0.3199084,-0.50597733,0.20912984,0.7732466,0.5989242,0.0004882887,-0.10112154,-0.0004882887,645.23
552.23926,10.953524,346.62518,0.31036782,-0.508438,0.2028548,0.7771825,0.5862211,0.0004882887,-0.068879224,-0.0004882887,645.32996
550.29596,10.7540865,347.20163,0.30205023,-0.5104982,0.1973639,0.78051573,0.5710765,0.0004882887,-0.06594949,-0.0004882887,645.43
548.35266,10.561428,347.7912,0.29408726,-0.5124053,0.1921109,0.7836116,0.55300224,0.0004882887,-0.07083238,-0.0004882887,645.52997
546.4156,10.371328,348.3905,0.28343743,-0.5148876,0.18510713,0.7875845,0.58329135,0.0004882887,-0.11186389,-0.0004882887,645.63
544.4745,10.202078,349.00336,0.26833537,-0.5182727,0.1753102,0.7928782,0.6521706,0.0004882887,-0.12846571,0.01123064,645.73
542.50793,10.094412,349.63858,0.24808572,-0.52334857,0.16817299,0.79767025,0.7078584,0.0004882887,-0.13238728,0.0415198,645.82996
540.50024,10.088526,350.29962,0.2288624,-0.5278764,0.16106415,0.80188954,0.7791867,0.0004882887,-0.11381704,0.01513695,645.93
539.8875,10.113692,350.5034,0.22436327,-0.5288213,0.15874699,0.80299973,0.80458534,0.0004882887,-0.08938735,-0.0004882887,645.9583
536.3212,10.534057,351.70486,0.21361981,-0.53077096,0.15157233,0.806024,0.77576864,0.0004882887,0.0004882887,-0.0004882887,646.13
534.189,10.945399,352.4328,0.21877319,-0.52726346,0.14365602,0.8083901,0.6238346,0.049332418,0.0004882887,-0.16755933,646.23
532.09827,11.356111,353.15158,0.24350718,-0.5051548,0.10519758,0.8212529,0.5031739,0.11186389,0.0004882887,-0.36784923,646.32996
530.07886,11.705264,353.85632,0.29352206,-0.4478755,0.023466878,0.8442165,0.5109865,0.28186464,0.0004882887,-0.594522,646.43
528.12775,12.000209,354.57227,0.36092585,-0.33888385,-0.09602942,0.86352116,0.5915923,0.34341955,0.0004882887,-0.64924085,646.52997
526.24286,12.282484,355.36996,0.42599717,-0.19591875,-0.23473918,0.8514927,0.66829175,0.38739604,-0.030762188,-0.704921,646.63
524.47705,12.566557,356.33603,0.46556133,-0.015989676,-0.37947738,0.799371,0.76355386,0.41766995,-0.15973145,-0.72739756,646.73
522.9637,12.824385,357.52618,0.46004176,0.168097,-0.5007839,0.7136669,0.8480659,0.37273213,-0.2701457,-0.6883192,646.82996
521.851,12.996496,358.87537,0.41471234,0.33048478,-0.57627404,0.62185353,0.89594114,0.323888,-0.35515374,-0.6091707,646.93
521.2143,13.05372,360.24402,0.34775636,0.46612728,-0.6049308,0.54392064,0.9086442,0.27209887,-0.4264744,-0.4880293,647.02997
521.05286,13.030174,361.2562,0.30015635,0.5520774,-0.59233105,0.5042427,0.90473795,0.25450522,-0.39227894,-0.2994583,647.10376
521.3689,12.950601,362.52414,0.28408507,0.61999154,-0.5589973,0.47162312,0.84904253,0.14312963,-0.028809033,-0.0004882887,647.23
522.09357,12.880923,363.3396,0.29317448,0.6291233,-0.5531831,0.46069655,0.76355386,0.043472953,0.0004882887,-0.04444953,647.32996
523.122,12.787499,363.98376,0.28076226,0.63731503,-0.5624915,0.44565168,0.68685436,0.013183795,0.0004882887,-0.21249714,647.43
524.3554,12.648245,364.48407,0.25150236,0.65385634,-0.57679427,0.42015103,0.7347295,0.043472953,-0.16951248,-0.27502862,647.52997
525.7908,12.470019,364.80472,0.20159523,0.6926508,-0.5700345,0.3932618,0.8544136,0.028809033,-0.27600518,-0.28186464,647.63
527.45996,12.296612,364.8648,0.15887478,0.73120284,-0.54098827,0.38396996,0.8886168,0.0004882887,-0.32681772,-0.0004882887,647.73
529.3307,12.17308,364.6412,0.13970402,0.75775623,-0.502707,0.391885,0.8934996,0.0004882887,-0.23497368,0.06007477,647.82996
531.35876,12.126562,364.16327,0.13858466,0.77408254,-0.46540278,0.40619087,0.8422065,0.0004882887,-0.18220799,0.15582514,647.93
533.4789,12.144071,363.50357,0.15373154,0.7807967,-0.43176395,0.42462102,0.76648355,0.0004882887,-0.14215305,0.21542688,648.02997
535.63086,12.191484,362.74075,0.1792187,0.7824179,-0.39534187,0.44655102,0.6985809,0.0004882887,-0.11479362,0.27405202,648.13
537.77576,12.239535,361.93253,0.21531257,0.7771283,-0.35912883,0.4698284,0.6282292,0.0004882887,-0.05226215,0.30238804,648.23
539.89435,12.266013,361.1173,0.25915027,0.7648762,-0.32537183,0.49187288,0.60624856,0.0004882887,-0.028809033,0.31508353,648.32996
541.9903,12.26458,360.31525,0.30464578,0.7484602,-0.29082733,0.51226735,0.6111314,0.0004882887,-0.027832456,0.31996644,648.43
544.0758,12.238584,359.54132,0.34849483,0.7265189,-0.2556272,0.5342063,0.626276,-0.057145037,-0.0415198,0.33853665,648.52997
546.1595,12.193362,358.8138,0.3918053,0.6958016,-0.21417536,0.5625634,0.6419089,-0.07669184,-0.079621576,0.3698024,648.63
548.25836,12.134973,358.15228,0.43479812,0.65810776,-0.16424128,0.59234256,0.637026,-0.08450446,-0.10014496,0.39618525,648.73
550.3815,12.061794,357.57715,0.47847328,0.60988885,-0.10556764,0.62285984,0.6331197,-0.11088731,-0.13238728,0.4440528,648.82996
552.5256,11.96845,357.11377,0.5228101,0.5440289,-0.033072237,0.6554453,0.6526589,-0.14801252,-0.18904403,0.52124816,648.93
554.7028,11.855915,356.80246,0.56317806,0.4475761,0.062587604,0.6918012,0.70590526,-0.19980164,-0.31313038,0.58866256,649.02997
556.90326,11.726685,356.72073,0.5804683,0.3244751,0.1721297,0.72673506,0.73375297,-0.22519265,-0.35220873,0.5749752,649.13
559.0738,11.57402,356.94055,0.57429034,0.19462787,0.27195007,0.74723077,0.7528038,-0.22813764,-0.3785916,0.5583734,649.23
561.1181,11.382605,357.48718,0.536199,0.057075255,0.36213726,0.76032203,0.8671168,-0.22226292,-0.5407797,0.5163653,649.32996
562.8779,11.163038,358.38962,0.41459903,-0.10953773,0.4165702,0.80160993,1,-0.31020066,-0.7909056,0.42256808,649.43
564.1675,11.017833,359.57138,0.21659386,-0.28413874,0.4151568,0.8366584,1,-0.2515755,-0.69515526,0.3443961,649.52997
564.83136,11.053929,360.55518,0.10021477,-0.38018852,0.4069835,0.82448655,0.98680854,-0.24180973,-0.509514,0.30629435,649.6075
565.3229,11.401178,361.8928,0.04202793,-0.4361722,0.41833287,0.79560375,0.7029755,-0.11772335,0.0004882887,0.12846571,649.73
565.4797,11.798569,362.88562,0.0627101,-0.4392641,0.43845293,0.78158396,0.3908217,-0.08645762,0.27893493,0.04835584,649.82996
565.5605,12.149483,363.8331,0.11333381,-0.42669263,0.46995205,0.76435196,0.3341497,-0.120653085,0.38739604,0.024902724,649.93
565.5817,12.432311,364.75043,0.1857973,-0.40278697,0.50148284,0.74280345,0.41719693,-0.14117648,0.3561303,-0.0004882887,650.02997
565.50714,12.653455,365.64438,0.23840621,-0.39428192,0.51721454,0.72124434,0.49438468,-0.14410621,0.16070803,-0.0004882887,650.13
565.28925,12.8228245,366.51785,0.26192644,-0.4035692,0.5171815,0.7078488,0.5388342,-0.13336386,0.023926146,-0.0004882887,650.23
564.90753,12.945015,367.36978,0.2746724,-0.41918567,0.51136893,0.6980976,0.55104905,-0.13727017,0.0004882887,-0.0004882887,650.32996
564.36774,13.019047,368.19745,0.2898704,-0.43435267,0.500081,0.6908198,0.5261311,-0.14508279,0.0004882887,-0.10307469,650.43
563.69696,13.03811,369.0006,0.31524557,-0.4444942,0.47282538,0.69244593,0.5236896,-0.15484856,0.0004882887,-0.19882506,650.52997
562.9059,13.004682,369.78497,0.34600902,-0.44944045,0.43525147,0.6991689,0.60234225,-0.14215305,0.0004882887,-0.24376288,650.63
561.96796,12.938344,370.5638,0.374857,-0.4506884,0.39654192,0.706482,0.6775769,-0.12553598,-0.0122072175,-0.20273137,650.73
560.8447,12.866705,371.35764,0.38493618,-0.45959052,0.3698534,0.70979524,0.7684367,-0.10795758,-0.13824674,-0.01123064,650.82996
559.50745,12.817818,372.17914,0.37284672,-0.48008487,0.3514973,0.71200675,0.7953079,-0.07473869,-0.14508279,-0.0004882887,650.93
557.9668,12.807653,373.0217,0.36088338,-0.49439272,0.33736682,0.7152082,0.7782101,-0.03761349,-0.10014496,-0.0004882887,651.02997
556.2637,12.832411,373.87305,0.35284284,-0.50104296,0.32971877,0.7181528,0.74889755,0.0004882887,-0.0698558,-0.0004882887,651.13
554.44354,12.877047,374.722,0.34567392,-0.5043189,0.3255099,0.72125953,0.6990692,0.0004882887,-0.030762188,0.030762188,651.23
552.5659,12.911888,375.55588,0.3375853,-0.5094105,0.33431193,0.7174766,0.5163653,0.0004882887,0.0004882887,0.15484856,651.32996
550.7153,12.88259,376.357,0.32012868,-0.5204943,0.35852197,0.70573753,0.42648202,0.0004882887,0.0004882887,0.21933319,651.43
548.9198,12.769789,377.11832,0.29868218,-0.5330238,0.38703966,0.6905614,0.47826353,-0.003418021,0.0004882887,0.21933319,651.52997
547.14716,12.592302,377.83835,0.27822128,-0.54542565,0.41168267,0.6749972,0.57400626,-0.014160372,-0.01904326,0.19491875,651.63
545.3456,12.380873,378.5099,0.25823978,-0.55864054,0.4303014,0.66035885,0.6243229,-0.027832456,-0.04835584,0.18318456,651.73
543.48773,12.152602,379.1217,0.23528238,-0.5751125,0.4435962,0.6458407,0.6800183,-0.054215305,-0.11381704,0.18709087,651.82996
541.5409,11.927737,379.65823,0.20409434,-0.60119265,0.4501605,0.627908,0.76208895,-0.08157473,-0.16658275,0.2232395,651.93
539.46893,11.739025,380.0897,0.16771208,-0.6309694,0.4555482,0.60516614,0.7953079,-0.09427024,-0.17244221,0.26135653,652.02997
537.2726,11.603416,380.3864,0.12143156,-0.6628859,0.46497947,0.57413477,0.8011673,-0.10112154,-0.20468453,0.33951324,652.13
535.444,11.534792,380.5081,0.07471819,-0.6894431,0.47607353,0.5407766,0.8099642,-0.10893416,-0.19197376,0.35025558,652.20355
532.6121,11.505719,380.4473,0.01017251,-0.7226613,0.4912223,0.4861666,0.8382925,-0.11869993,-0.14508279,0.29848173,652.32996
530.2035,11.551686,380.1322,-0.011037479,-0.7372191,0.49969018,0.4546384,0.8158236,-0.102098115,0.0004882887,0.06007477,652.43
527.795,11.6319275,379.6008,-0.0072087087,-0.74173343,0.5006821,0.44620287,0.6907607,-0.039566644,0.0004882887,-0.0004882887,652.52997
525.42773,11.699696,378.92984,-0.0027875616,-0.7447836,0.50023264,0.4416527,0.68197143,-0.04835584,0.0004882887,-0.024902724,652.63
523.112,11.741993,378.14874,0.0054051112,-0.7477339,0.49748805,0.43973923,0.57449454,-0.026855879,0.0004882887,-0.07180896,652.73
520.8756,11.724119,377.3201,0.016992386,-0.7481663,0.4922615,0.4445639,0.3800717,-0.014160372,0.0004882887,-0.09231708,652.82996
518.7447,11.61046,376.50583,0.032288544,-0.7486677,0.48382175,0.45207378,0.34099334,-0.01123064,0.0004882887,-0.13922332,652.93
516.7214,11.399521,375.7181,0.0513311,-0.7483489,0.47266498,0.46252236,0.33268481,-0.010254063,0.0004882887,-0.13922332,653.02997
514.7922,11.098433,374.95407,0.068055525,-0.7474926,0.4625288,0.47190094,0.34099334,0.0004882887,0.0004882887,-0.12162966,653.13
512.92975,10.725518,374.196,0.08742826,-0.7454063,0.45018324,0.4837983,0.6707332,0.0004882887,0.0004882887,-0.2300908,653.23
511.0436,10.373045,373.3588,0.12965941,-0.73915875,0.42202437,0.50865346,0.7918898,0.0004882887,0.0004882887,-0.3698024,653.32996
509.07217,10.103021,372.4201,0.19131534,-0.7260778,0.37566414,0.54321826,0.793843,0.0004882887,-0.049332418,-0.45188066,653.43
507.2238,9.929959,371.53476,0.25852022,-0.7054409,0.30988127,0.58266115,0.7801633,0.047379263,-0.12748913,-0.5329671,653.5131
504.87418,9.801892,370.47812,0.32690683,-0.65524185,0.20353527,0.64989495,0.8119173,0.18904403,-0.24083315,-0.5261311,653.63
502.63065,9.798421,369.62357,0.370147,-0.5958841,0.10853854,0.7043669,0.8295033,0.19099718,-0.17537194,-0.46945906,653.73
500.28464,9.920903,368.9425,0.41048956,-0.53489,0.04309678,0.73724747,0.7176318,0.20077822,-0.024902724,-0.41376364,653.82996
497.90546,10.103331,368.4439,0.44968238,-0.47155488,-0.0026980645,0.75856096,0.64972913,0.21054399,-0.0024414435,-0.35220873,653.93
495.53427,10.295695,368.11957,0.47744498,-0.40987414,-0.03494639,0.7764202,0.6331197,0.22030976,-0.028809033,-0.31020066,654.02997
493.18088,10.484503,367.97546,0.4958648,-0.35148647,-0.062094558,0.7916563,0.6585183,0.20370795,-0.057145037,-0.2711223,654.13
490.85422,10.673756,368.03668,0.5069115,-0.29718515,-0.08731005,0.80442446,0.69173723,0.18709087,-0.06594949,-0.2623331,654.23
488.56833,10.870319,368.32953,0.51562655,-0.24597612,-0.112328485,0.8130236,0.7068818,0.16658275,-0.04835584,-0.2505989,654.32996
486.34396,11.0734005,368.86603,0.52299285,-0.20146284,-0.13696423,0.8167816,0.70639354,0.10112154,-0.035660334,-0.21347372,654.43
484.2033,11.275207,369.6424,0.5265689,-0.17333183,-0.15499906,0.8177143,0.6976043,0.05909819,-0.024902724,-0.078645,654.52997
482.16388,11.464181,370.63715,0.5274088,-0.16271517,-0.15331364,0.81966996,0.65314716,0.07180896,0.0004882887,-0.0004882887,654.63
480.23093,11.621074,371.79782,0.52984905,-0.14951313,-0.14491029,0.8221355,0.59794766,0.10893416,0.0004882887,-0.0004882887,654.73
478.39963,11.728195,373.07294,0.53262466,-0.13341506,-0.13461618,0.8248575,0.5974594,0.11967651,-0.0073243305,-0.0004882887,654.82996
476.6688,11.784898,374.44974,0.53083575,-0.11510704,-0.12401229,0.8304123,0.6614557,0.12358282,-0.079621576,-0.0004882887,654.93
475.03818,11.808452,375.95197,0.5177254,-0.09605971,-0.11545629,0.8422606,0.6902724,0.109910734,-0.14215305,-0.0004882887,655.02997
473.50906,11.814808,377.58517,0.50058675,-0.07846911,-0.10847805,0.85527074,0.6878309,0.09622339,-0.12846571,-0.0004882887,655.13
472.08212,11.811491,379.33255,0.48510343,-0.064856306,-0.103348196,0.8659028,0.68099487,0.057145037,-0.106981,-0.0004882887,655.23
470.75494,11.801577,381.1745,0.47321144,-0.057854734,-0.10125206,0.8731963,0.66194403,0.021972992,-0.07083238,-0.0004882887,655.32996
469.52322,11.782811,383.08932,0.4643422,-0.053195193,-0.10000382,0.8783825,0.6560769,0.031738766,-0.0630045,-0.0004882887,655.43
468.38266,11.754829,385.06326,0.45701778,-0.0469847,-0.097751245,0.8828204,0.65754175,0.042496376,-0.050308995,-0.0004882887,655.52997
467.32944,11.719824,387.08853,0.45170432,-0.039702296,-0.094727874,0.8862356,0.6565652,0.046402685,-0.0327306,-0.0004882887,655.63
466.35968,11.67907,389.15833,0.44892243,-0.03311133,-0.09180186,0.8882257,0.65119404,0.038590066,-0.01513695,-0.0004882887,655.73
465.46878,11.630683,391.2636,0.4484076,-0.027116332,-0.08893954,0.88897985,0.6414206,0.049332418,0.0004882887,-0.0004882887,655.82996
464.65085,11.570023,393.39404,0.44777036,-0.0062482995,-0.0977631,0.88876605,0.6902724,0.14410621,-0.079621576,-0.37273213,655.93
463.91147,11.507947,395.56293,0.42909738,0.075059995,-0.19360273,0.8790673,0.7586709,0.1489891,-0.17830168,-0.63750666,656.02997
463.31808,11.475902,397.80823,0.38185784,0.18452854,-0.34492087,0.837355,0.79042494,0.14410621,-0.21835661,-0.68734264,656.13
462.9864,11.482931,400.12573,0.31046602,0.29115346,-0.48631215,0.76311266,0.82119477,0.1314107,-0.27600518,-0.66584265,656.23
463.04727,11.513967,402.43915,0.21817157,0.3879672,-0.574093,0.68724084,0.92476535,0.09427024,-0.48215458,-0.49584192,656.32996
463.62213,11.571228,404.59723,0.1008734,0.48318738,-0.5800639,0.6479818,0.9990158,0.049332418,-0.5534905,-0.38445106,656.43
464.33316,11.655283,405.92026,0.011654406,0.54685706,-0.56751204,0.61541986,0.99803925,0.068879224,-0.5906157,-0.4479591,656.49316
466.11783,11.937439,407.81137,-0.1883717,0.658115,-0.54805243,0.4806655,0.8934996,0.22716106,-0.58866256,-0.57790494,656.63
467.62405,12.202399,408.7512,-0.31093407,0.7138065,-0.52593684,0.34233126,0.7728313,0.26135653,-0.44600594,-0.4489357,656.73
469.0566,12.436666,409.3351,-0.3618154,0.7382517,-0.5101874,0.25255278,0.71323717,0.120653085,-0.21152057,-0.20370795,656.82996
470.36707,12.618455,409.63605,-0.37738532,0.7433097,-0.5039444,0.22607754,0.63458455,0.03663691,-0.0415198,-0.083527885,656.93
471.5649,12.74014,409.70975,-0.38223562,0.74223864,-0.506729,0.21494994,0.5925689,0.061051346,0.0004882887,-0.024902724,657.02997
472.66302,12.797058,409.5858,-0.37464985,0.74524707,-0.5129698,0.20274706,0.60673684,0.13434044,0.0004882887,-0.0004882887,657.13
473.66003,12.796192,409.24487,-0.36015153,0.75057423,-0.52335024,0.18175212,0.67024493,0.17146564,0.0004882887,-0.0004882887,657.23
474.54153,12.748192,408.64517,-0.3407572,0.7573544,-0.5328401,0.16241999,0.7225147,0.14508279,0.0004882887,0.09622339,657.32996
475.2975,12.661114,407.767,-0.3087918,0.7694472,-0.5354067,0.16105406,0.754757,0.098191805,0.0004882887,0.23790342,657.43
475.93518,12.54738,406.61633,-0.2605565,0.786591,-0.53139836,0.17607024,0.76013577,0.08938735,0.0004882887,0.31898984,657.52997
476.48184,12.421156,405.22617,-0.20098867,0.804324,-0.52244914,0.19928269,0.737171,0.09622339,0.0004882887,0.35318533,657.63
476.97302,12.289424,403.65216,-0.12683162,0.82164186,-0.50873643,0.22361931,0.7210498,0.12553598,-0.023926146,0.40790418,657.73
477.44553,12.16656,401.93005,-0.044539247,0.8373839,-0.4787642,0.25997946,0.8622339,0.0004882887,-0.13238728,0.46555275,657.82996
477.95615,12.123808,400.0166,0.036955755,0.8495026,-0.42695647,0.30771387,0.92769516,0.0004882887,-0.17048906,0.45969328,657.93
478.57184,12.226037,397.92313,0.11398941,0.8516789,-0.37373665,0.34924284,0.90228885,0.0004882887,-0.10112154,0.42745098,658.02997
479.31952,12.460996,395.7387,0.18365718,0.8413474,-0.3375974,0.38004312,0.665362,0.0004882887,0.0004882887,0.39618525,658.13
480.1386,12.709332,393.58603,0.2572235,0.8206704,-0.30298486,0.410532,0.5295491,-0.07473869,-0.014160372,0.45871672,658.23
480.99042,12.904558,391.51212,0.33951545,0.7795204,-0.25347015,0.46133527,0.5617914,-0.15094225,-0.09329366,0.5124437,658.32996
481.9181,13.069833,389.51648,0.41145018,0.7241661,-0.19284014,0.5187532,0.63604945,-0.2017548,-0.15191883,0.48313114,658.43
482.98068,13.2403145,387.6222,0.4668874,0.6595597,-0.13277999,0.5739047,0.64679945,-0.20956741,-0.14996567,0.4635996,658.52997
484.19742,13.423714,385.87363,0.51271284,0.5883407,-0.07502166,0.62076765,0.64044404,-0.20859084,-0.13824674,0.4479591,658.63
485.55533,13.609364,384.31204,0.5487243,0.5142229,-0.021709321,0.65879077,0.6223697,-0.20859084,-0.14215305,0.4157168,658.73
487.0164,13.775015,382.95712,0.5732274,0.4414577,0.024657387,0.6898678,0.5818265,-0.2056611,-0.13824674,0.3600366,658.82996
488.53372,13.897094,381.80264,0.5855469,0.3743479,0.05909878,0.71659327,0.57058823,-0.21640345,-0.15875487,0.323888,658.93
490.0727,13.963977,380.84384,0.5901448,0.3044913,0.09156513,0.7420445,0.5681468,-0.22128634,-0.16951248,0.33170062,659.02997
491.60602,13.971761,380.07837,0.59091663,0.23210739,0.12446294,0.76253045,0.56570536,-0.21640345,-0.16169986,0.3229114,659.13
493.10995,13.918292,379.49908,0.58733934,0.16138245,0.15333995,0.7781228,0.5432288,-0.21542688,-0.1685359,0.30238804,659.23
494.5652,13.799178,379.08105,0.57954156,0.09339813,0.17839214,0.7896737,0.4797284,-0.2056611,-0.15191883,0.2847944,659.32996
495.96063,13.608806,378.78802,0.5687939,0.028137226,0.20268926,0.7966172,0.54225224,-0.18904403,-0.1900206,0.29848173,659.43
497.27066,13.361794,378.65063,0.5454715,-0.03975044,0.23455082,0.80365837,0.7010224,-0.1577783,-0.23790342,0.33170062,659.52997
498.4376,13.093475,378.74042,0.5135245,-0.10659744,0.26737836,0.80835533,0.7137255,-0.16070803,-0.23497368,0.3004349,659.63
499.4209,12.823543,379.05435,0.4821504,-0.1669669,0.29225096,0.8088527,0.69613945,-0.14508279,-0.20859084,0.2701457,659.73
499.50827,12.796871,379.09692,0.47908372,-0.172535,0.2945325,0.80867857,0.6853895,-0.1401999,-0.20663768,0.2701457,659.7384
500.77676,12.309135,380.21933,0.41391993,-0.26586324,0.3287206,0.80618227,0.72984666,-0.1157702,-0.25940338,0.124559395,659.93
501.0843,12.111997,381.04092,0.3764711,-0.30081105,0.31094044,0.8192058,0.78895247,-0.11088731,-0.3229114,-0.013183795,660.02997
501.09955,12.02031,382.0192,0.34078687,-0.32615158,0.28244543,0.8352928,0.7826047,-0.062027924,-0.2515755,-0.09231708,660.13
500.859,12.050056,383.1193,0.3150217,-0.3344531,0.25400266,0.8511082,0.7176318,0.0004882887,-0.18513772,-0.13434044,660.23
500.43277,12.174584,384.2983,0.30539235,-0.33204278,0.22684443,0.8631482,0.6990692,0.0004882887,-0.050308995,-0.11772335,660.32996
499.86392,12.375781,385.5383,0.30466282,-0.33077174,0.22032821,0.8655785,0.584268,0.0004882887,0.0004882887,0.010254063,660.43
499.2141,12.587439,386.80148,0.30250257,-0.33270893,0.22613057,0.8640961,0.38202488,0.0004882887,0.0004882887,0.045426108,660.52997
498.54645,12.73336,388.04593,0.30141884,-0.33364686,0.22909379,0.8633322,0.33268481,0.0004882887,0.0004882887,-0.0004882887,660.63
497.87433,12.799698,389.26486,0.301474,-0.33354956,0.22909027,0.86335146,0.3111925,0.0004882887,0.0004882887,-0.0004882887,660.73
497.20035,12.785601,390.45877,0.30153665,-0.33344716,0.22907503,0.8633732,0.29555964,0.0004882887,0.0004882887,-0.0004882887,660.82996
496.52554,12.691747,391.6288,0.30208996,-0.33290213,0.227797,0.8637282,0.2901808,0.0004882887,0.0004882887,-0.022949569,660.93
495.84933,12.520491,392.7773,0.30317673,-0.33186996,0.22513175,0.86444306,0.28871596,0.0004882887,0.0004882887,-0.0024414435,661.02997
495.1707,12.275042,393.90686,0.30326623,-0.33174697,0.22506393,0.86447656,0.28725109,0.0004882887,0.0004882887,-0.0004882887,661.13
494.4877,11.958031,395.02036,0.3033283,-0.33164546,0.22505122,0.86449707,0.2677119,0.0004882887,0.0004882887,-0.0004882887,661.23
493.8013,11.569161,396.11874,0.30278707,-0.33169994,0.22480266,0.8647306,0.3258488,0.0004882887,-0.055191882,-0.0004882887,661.32996
493.0888,11.136122,397.21774,0.27661932,-0.3382323,0.21468733,0.8734931,0.63604945,0.0004882887,-0.31117722,-0.0004882887,661.43
492.2725,10.773671,398.36206,0.22848178,-0.3493755,0.19585785,0.8873401,0.723003,0.0004882887,-0.22128634,-0.0004882887,661.52997
491.32346,10.563349,399.55835,0.20921141,-0.35616913,0.1873637,0.8912177,0.7200732,-0.09622339,-0.0073243305,-0.0004882887,661.63
490.2579,10.5025835,400.79163,0.21377827,-0.37940657,0.18166608,0.88167286,0.7200732,-0.17048906,0.0004882887,-0.0004882887,661.73
489.68564,10.523679,401.4193,0.21646164,-0.39232624,0.17848629,0.8759949,0.7244679,-0.15582514,0.0004882887,-0.0004882887,661.777
487.82803,10.785393,403.33112,0.22151436,-0.417032,0.1722416,0.86449325,0.7415656,-0.014160372,0.0004882887,-0,661.93
486.48886,11.10335,404.6202,0.22156045,-0.41716227,0.17221358,0.8644241,0.6614557,0.0004882887,0.0004882887,-0.0004882887,662.02997
485.10852,11.472497,405.90137,0.22148342,-0.41714105,0.17244816,0.8644075,0.5647288,0.0004882887,0.0004882887,0.03370718,662.13
483.72443,11.829642,407.15732,0.21562085,-0.42014793,0.1846821,0.86190253,0.43918517,0.0004882887,0.0004882887,0.14508279,662.23
482.36218,12.126974,408.37527,0.20264207,-0.42650297,0.21115798,0.85582936,0.45872435,0.0004882887,0.0004882887,0.19197376,662.32996
481.0112,12.373418,409.55545,0.1873356,-0.43396094,0.24179858,0.8474177,0.5241779,-0.022949569,0.0004882887,0.21347372,662.43
479.64655,12.597949,410.69928,0.1720693,-0.4469738,0.27343723,0.83416945,0.5495842,-0.06790265,0.0004882887,0.22519265,662.52997
478.25256,12.813255,411.80212,0.15627892,-0.4660442,0.30735117,0.81480986,0.56570536,-0.11381704,0.0004882887,0.26037994,662.63
476.81772,13.02375,412.85574,0.13871123,-0.49111518,0.34526598,0.78762716,0.584268,-0.13531701,-0.017090105,0.2847944,662.73
475.33032,13.233141,413.84634,0.11540397,-0.5194454,0.38266402,0.7552661,0.60673684,-0.15094225,-0.05909819,0.3004349,662.82996
473.78143,13.443004,414.75632,0.08730666,-0.54819167,0.41859287,0.71877927,0.59941256,-0.14117648,-0.05616846,0.3072709,662.93
472.17072,13.645834,415.57196,0.059339937,-0.57327116,0.45341125,0.679895,0.5647288,-0.14215305,-0.050308995,0.2994583,663.02997
470.51025,13.8220625,416.2924,0.03237291,-0.5976033,0.4851907,0.6375048,0.5075685,-0.16755933,-0.06692607,0.2994583,663.13
468.82346,13.949064,416.92178,0.0054727914,-0.62374043,0.5129492,0.5897466,0.48510718,-0.1773251,-0.08548104,0.29848173,663.23
467.1239,14.015347,417.46146,-0.022392068,-0.6482646,0.5360807,0.5402492,0.4225757,-0.16755933,-0.106981,0.28967726,663.32996
465.42902,14.007977,417.92218,-0.053345587,-0.67280865,0.55151975,0.490213,0.42550546,-0.16169986,-0.17830168,0.28186464,663.43
463.73834,13.9298,418.2925,-0.09003257,-0.7004837,0.5548857,0.4396802,0.52759594,-0.14508279,-0.22128634,0.27405202,663.52997
462.03748,13.804228,418.5174,-0.1311066,-0.7285384,0.54802483,0.38950172,0.60820174,-0.13434044,-0.2633097,0.2711223,663.63
460.32816,13.656184,418.53607,-0.17417745,-0.7571786,0.5325677,0.33572972,0.6604715,-0.15094225,-0.28967726,0.2711223,663.73
458.633,13.503656,418.31046,-0.21481682,-0.7849705,0.5107464,0.2771521,0.6780652,-0.16560617,-0.31410697,0.25255206,663.82996
456.98978,13.357341,417.83044,-0.24983299,-0.8139668,0.47751322,0.21684739,0.68099487,-0.17439537,-0.34341955,0.21152057,663.93
455.43958,13.229607,417.10483,-0.27337697,-0.8420179,0.43754247,0.15756732,0.697116,-0.19394217,-0.3365835,0.16560617,664.02997
454.9984,13.197736,416.84106,-0.27883518,-0.84973574,0.4251818,0.13935833,0.70053405,-0.19980164,-0.3375601,0.16267644,664.0557
452.76263,13.104938,414.98315,-0.31505415,-0.87726194,0.36096436,0.02927643,0.6565652,-0.19882506,-0.24473946,0.3033646,664.23
451.67554,13.111203,413.6679,-0.35675997,-0.8704567,0.33706638,-0.037599675,0.60820174,-0.20859084,-0.22421607,0.3443961,664.32996
450.75906,13.129651,412.2535,-0.4008524,-0.8543312,0.31179565,-0.11054023,0.5974594,-0.22226292,-0.22813764,0.30629435,664.43
450.0342,13.152188,410.76865,-0.41081458,-0.84592754,0.295174,-0.16885002,0.62529945,-0.21249714,-0.20663768,0.07083238,664.52997
449.52264,13.189962,409.2266,-0.39555448,-0.8483197,0.27626663,-0.21809866,0.6433738,-0.18806745,-0.2300908,-0.0004882887,664.63
449.22278,13.256326,407.64307,-0.38023096,-0.8512915,0.256163,-0.2551622,0.57400626,-0.11088731,-0.19295034,0.04835584,664.73
449.08826,13.333655,406.04514,-0.38170826,-0.8474184,0.22962357,-0.28888375,0.5217365,-0.11381704,-0.15875487,0.17146564,664.82996
449.07742,13.397877,404.4558,-0.40186837,-0.83329386,0.21557304,-0.3124925,0.37763026,-0.064972915,-0.0014648661,0.20273137,664.93
449.13663,13.407356,402.89044,-0.43712103,-0.810408,0.20374344,-0.3326452,0.31802854,-0.06790265,-0.0327306,0.27698177,665.02997
449.24506,13.343837,401.35367,-0.47471884,-0.78456986,0.18813807,-0.35170475,0.31509882,-0.05226215,0,0.267216,665.13
449.4123,13.209549,399.84897,-0.50715363,-0.75995433,0.17654376,-0.3661925,0.47728693,-0.055191882,0.0004882887,0.15484856,665.23
449.70743,13.033789,398.3878,-0.5209315,-0.74496645,0.1746737,-0.37834454,0.5486076,-0.083527885,0.0004882887,0.1157702,665.32996
450.17038,12.832444,396.97946,-0.53411067,-0.72910535,0.17336386,-0.39124954,0.53834593,-0.06398108,0.0004882887,0.12846571,665.43
450.79242,12.598745,395.63177,-0.5475384,-0.7145243,0.16989644,-0.40098864,0.5505608,-0.03761349,0.0004882887,0.11772335,665.52997
451.56995,12.3286495,394.3527,-0.55988353,-0.7017694,0.16557324,-0.40821022,0.55153733,-0.04054322,0.0004882887,0.10795758,665.63
452.4906,12.016063,393.14688,-0.56980926,-0.69061863,0.1624552,-0.41469464,0.51000994,-0.030762188,0.0004882887,0.035660334,665.73
453.49216,11.639747,392.00418,-0.5592549,-0.6927694,0.17439094,-0.42058584,0.13727778,-0.08841077,0.0004882887,-0.3375601,665.82996
454.4314,11.191251,390.94934,-0.48633742,-0.73468494,0.21821329,-0.419639,0.0034256577,-0.18123141,-0.11479362,-0.50170135,665.93
454.10135,11.662363,390.80615,-0.3731994,-0.7812003,0.26241064,-0.4261327,0.07425803,-0.13336386,-0.23106737,-0.52320135,666.02997
453.77786,12.032488,390.66196,-0.27060822,-0.8203906,0.27367848,-0.42288357,0.30777448,-0.020019837,-0.29359883,-0.3170367,666.13
453.493,12.341281,390.50296,-0.20347846,-0.8479365,0.24080281,-0.42616212,0.5163653,0.0004882887,-0.32681772,-0.16267644,666.23
453.2903,12.666211,390.31018,-0.16013311,-0.8634939,0.21198061,-0.42871875,0.49047837,0.0004882887,-0.116746776,-0.16658275,666.32996
453.15756,13.015459,390.08542,-0.1383709,-0.86816865,0.21567683,-0.42499423,0.45872435,0.0004882887,0.0004882887,-0.06790265,666.43
453.07617,13.362885,389.8326,-0.13567181,-0.86862147,0.21705349,-0.42423776,0.28920424,0.0004882887,0.0004882887,-0.0004882887,666.52997
453.0176,13.651022,389.5688,-0.13573787,-0.86856705,0.21736008,-0.42417115,0.20811018,-0.0073243305,0.031738766,-0.0004882887,666.63
452.96954,13.856643,389.30142,-0.14054763,-0.86564344,0.22605883,-0.42403448,0.1465629,-0.013183795,0.083527885,0.055191882,666.73
452.92416,13.966521,389.03232,-0.17510678,-0.85445505,0.21654108,-0.4385821,0.031265736,-0.08157473,0.0004882887,0.36589608,666.82996
452.87802,13.975491,388.762,-0.24647036,-0.8240518,0.18044668,-0.47710595,0.19492638,-0.2515755,-0.038590066,0.46945906,666.93
452.83548,13.886235,388.49066,-0.3190977,-0.7521691,0.11301117,-0.56537324,0.423064,-0.51146716,-0.3541619,0.60526437,667.02997
452.83423,13.745247,388.2376,-0.37612966,-0.6180453,-0.0045604343,-0.69030845,0.5901274,-0.46652934,-0.41376364,0.6345769,667.13
452.91678,13.640199,388.09406,-0.41191494,-0.48520893,-0.12374908,-0.76130456,0.69369805,-0.36296636,-0.3043412,0.48900586,667.23
453.05988,13.621216,388.17453,-0.4251684,-0.38215396,-0.18642811,-0.7990211,0.7225147,-0.34341955,-0.23790342,0.3365835,667.32996
453.21075,13.685172,388.51932,-0.42771313,-0.2956172,-0.21185638,-0.82751966,0.73375297,-0.32584116,-0.19394217,0.22813764,667.43
453.32715,13.823327,389.1288,-0.42383394,-0.22554652,-0.22698225,-0.84733266,0.7454795,-0.25352865,-0.10405127,0.15875487,667.52997
453.3825,14.020304,389.97522,-0.4311769,-0.18526582,-0.22776455,-0.8531627,0.5915923,-0.14117648,0.0004882887,0.08059815,667.63
453.396,14.201058,390.9414,-0.44083846,-0.15209697,-0.2266864,-0.855068,0.28871596,-0.24180973,0.0004882887,0.15191883,667.73
453.40347,14.289051,391.90378,-0.4555541,-0.076378055,-0.25010532,-0.8509314,0.0019607842,-0.36198977,-0.13434044,0.48313114,667.82996
453.41507,14.271991,392.8424,-0.4495979,0.08256063,-0.3415175,-0.8212255,0.0019607842,-0.44600594,-0.32974747,0.71958494,667.93
453.427,14.152305,393.76688,-0.3852781,0.30772755,-0.4728553,-0.7302551,0.1045472,-0.5329671,-0.45383382,0.7869993,668.02997
453.43137,13.929828,394.68213,-0.26746023,0.5524531,-0.5575861,-0.5588903,0.2598993,-0.5700923,-0.5407797,0.8163119,668.13
453.4206,13.607819,395.57382,-0.09121956,0.7472339,-0.5681453,-0.33246285,0.5564202,-0.44307622,-0.5906157,0.8026245,668.23
453.35855,13.24021,396.32233,0.071634755,0.8346275,-0.52494705,-0.15065153,0.7352178,-0.31508353,-0.34634927,0.5251545,668.32996
453.29013,12.905163,396.7944,0.14002056,0.8548449,-0.49714994,-0.049765237,0.6849012,-0.18709087,-0.17537194,0.377615,668.43
453.27115,12.598453,397.02786,0.19439535,0.85463357,-0.4813108,0.012330018,0.53248644,-0.08059815,-0.10502785,0.3541619,668.52997
453.3126,12.275784,397.11343,0.23698919,0.84912544,-0.46859992,0.056888085,0.4929198,-0.09036393,-0.06594949,0.15387198,668.63
453.428,11.926197,397.0748,0.2316893,0.85245657,-0.46238115,0.07643038,0.67219806,-0.13824674,-0.19295034,-0.08059815,668.73
453.67963,11.617496,396.81516,0.17802423,0.8791514,-0.4330201,0.08884706,0.85343707,-0.15094225,-0.22128634,-0.40399787,668.82996
454.09592,11.454519,396.24142,0.07025239,0.9009139,-0.42274344,0.06860704,0.8182651,-0.12553598,-0.050308995,-0.59745175,668.93
454.57556,11.422247,395.40533,-0.047013506,0.9034017,-0.42542872,0.025801595,0.5109865,0.0004882887,0.0004882887,-0.19394217,669.02997
455.03668,11.380492,394.47665,-0.053862013,0.9029884,-0.42568177,0.022493387,0.1797818,0.0004882887,0.0004882887,-0.0004882887,669.13
455.48453,11.248282,393.55588,-0.053893965,0.9029553,-0.42575312,0.022396784,0.10698864,0.0004882887,0.0004882887,0.0073243305,669.23
455.921,11.016595,392.65573,-0.044992864,0.90341157,-0.42558247,0.026510196,0.0024490654,0.0004882887,0.0004882887,0.12553598,669.32996
456.3474,10.686344,391.77466,-0.022032415,0.9042332,-0.42484236,0.03722896,0.0337148,0.0004882887,0.0004882887,0.19197376,669.43
456.68182,10.355753,391.07803,0.0108724665,0.90552855,-0.42086664,0.052643046,0.49487296,0.0004882887,-0.11479362,0.35220873,669.5042
457.2029,9.905334,389.87592,0.11545575,0.91917586,-0.36008763,0.11010251,0.85099566,-0.09329366,-0.24473946,0.3737087,669.63
457.74762,9.740398,388.62033,0.14788657,0.9236187,-0.31970787,0.1511459,0.8891051,-0.15484856,-0.22716106,0.25645837,669.73
458.4305,9.793086,387.17712,0.179538,0.9185821,-0.29228625,0.19632053,0.7078584,-0.12162966,0.0004882887,0.20077822,669.82996
459.2015,9.9384985,385.66556,0.20279762,0.9097247,-0.29090604,0.21598099,0.46165407,-0.07473869,0.091340505,0.068879224,669.93
459.9898,10.042069,384.17322,0.20477211,0.90151304,-0.3061913,0.22713318,0.45725948,-0.07766842,0.008300908,-0.0004882887,670.02997
460.79135,10.09588,382.70078,0.20289487,0.8999711,-0.30787697,0.23258823,0.49487296,-0.027832456,0.0004882887,-0.0004882887,670.13
461.61575,10.116628,381.23825,0.1948407,0.89921767,-0.31103772,0.23811802,0.5354162,-0.078645,0.0004882887,-0.08157473,670.23
462.47183,10.121647,379.77438,0.17447668,0.9000561,-0.31335464,0.24751927,0.56130314,-0.09329366,-0.116746776,-0.09622339,670.32996
463.36078,10.123459,378.30118,0.15193018,0.9081705,-0.29312038,0.2573405,0.5476234,-0.027832456,-0.2144503,-0.0698558,670.43
464.2728,10.123787,376.8248,0.13504516,0.9187504,-0.26346928,0.26123664,0.5153811,0.0004882887,-0.14410621,-0.0024414435,670.52997
465.19586,10.11736,375.35684,0.1304123,0.92315453,-0.24781257,0.2633767,0.4469978,0.0004882887,-0.053238727,-0.0004882887,670.63
466.1199,10.084593,373.90714,0.12865601,0.9247373,-0.24191055,0.26417413,0.42159915,-0.006347753,-0.03761349,-0.0004882887,670.73
467.04846,10.0231495,372.46835,0.12502962,0.92615324,-0.23310402,0.26883155,0.5295491,-0.034683757,-0.098191805,-0.0004882887,670.82996
467.99884,9.977722,371.02246,0.11966182,0.92880404,-0.21852933,0.27431563,0.5828031,-0.018066682,-0.10502785,-0.0004882887,670.93
468.9805,9.981485,369.56125,0.112531096,0.93195945,-0.20243251,0.2789435,0.57888913,-0.026855879,-0.12748913,-0.03761349,671.02997
469.98743,10.032165,368.09155,0.096219756,0.93563706,-0.18642342,0.28385112,0.536881,-0.03370718,-0.11088731,-0.106004424,671.13
471.00674,10.11316,366.6233,0.07065719,0.9382835,-0.1814215,0.28586346,0.5505608,-0.026855879,-0.023926146,-0.14605936,671.23
472.0316,10.231427,365.15356,0.0471175,0.9396722,-0.18751518,0.28219566,0.6003891,0.0004882887,0.0004882887,-0.14117648,671.32996
473.06046,10.414447,363.6683,0.02748895,0.94046116,-0.19343407,0.27813724,0.6414206,0.0004882887,0.0004882887,-0.07766842,671.43
474.0884,10.685564,362.15784,0.023422463,0.9409326,-0.19277678,0.2773706,0.6634089,0.0004882887,0.0004882887,-0.0004882887,671.52997
475.10556,11.035361,360.63492,0.024580875,0.9409495,-0.19230105,0.27754304,0.48657206,0.0004882887,0.0004882887,0.06007477,671.63
476.09442,11.357037,359.1401,0.04168895,0.9402723,-0.18728694,0.28120077,0.21446556,-0.027832456,0.0004882887,0.13238728,671.73
477.0476,11.5690155,357.6977,0.061213814,0.9362029,-0.18136327,0.29476187,0.1597467,-0.09427024,0.0004882887,0.14215305,671.82996
477.9714,11.667217,356.29953,0.081757344,0.9289991,-0.1749523,0.31570262,0.16317236,-0.106981,0.0004882887,0.14996567,671.93
478.86917,11.658579,354.94107,0.10217458,0.9207135,-0.168405,0.33687824,0.19736782,-0.11186389,0.0004882887,0.14117648,672.02997
479.74655,11.555798,353.6167,0.12156614,0.9105593,-0.16214612,0.36029452,0.30044252,-0.13824674,0.0004882887,0.15387198,672.13
480.61957,11.395539,352.3142,0.14903653,0.89681363,-0.14023687,0.39223337,0.5495842,-0.1528954,-0.17830168,0.3033646,672.23
481.53912,11.289727,351.01935,0.18385789,0.8782904,-0.07781651,0.43445003,0.7327764,-0.2017548,-0.3277943,0.3365835,672.32996
482.55893,11.364353,349.7628,0.20154634,0.85240614,-0.008108694,0.4824076,0.7879759,-0.21640345,-0.2887007,0.1773251,672.43
483.688,11.678226,348.60266,0.19380043,0.82731384,0.036721736,0.5259702,0.80409706,-0.20956741,-0.2584268,0.042496376,672.52997
484.28577,11.928563,348.0711,0.18462403,0.8161695,0.051719125,0.54507464,0.80409706,-0.19099718,-0.2017548,0.0014648661,672.5724
486.1552,13.027605,346.69345,0.17098011,0.80012727,0.06885793,0.57080716,0.8026322,-0.03663691,0.0004882887,-0.0004882887,672.73
487.43488,13.996462,345.94556,0.17104433,0.79908925,0.06854404,0.5722779,0.6096666,0.0004882887,0.0004882887,0.0014648661,672.82996
488.70352,15.00824,345.28986,0.18407114,0.7962466,0.07780872,0.5710122,0.3097276,0.0004882887,0.0004882887,0.17048906,672.93
489.93466,15.928555,344.67883,0.21024145,0.78994524,0.095812336,0.56798345,0.0024490654,0.0004882887,0.026855879,0.19980164,673.02997
491.1245,16.710827,344.08823,0.24301082,0.7820997,0.11246003,0.56268877,0.0009842217,0.0004882887,0.0415198,0.21347372,673.13
492.27844,17.363218,343.51608,0.27482283,0.7796533,0.103820816,0.5530228,0.0009842217,0.0004882887,0.38445106,-0.0004882887,673.23
493.3983,17.891844,342.9618,0.31836578,0.7853819,0.040722013,0.52930176,0.0009842217,0.0004882887,0.31996644,-0.0004882887,673.32996
494.4888,18.300419,342.42227,0.34322804,0.7864868,0.0031357093,0.5134424,0.0009842217,0.0004882887,0.21152057,-0.0004882887,673.43
495.5501,18.592525,341.89728,0.3587046,0.78628016,-0.020920157,0.5026498,0.0009842217,0.0004882887,0.1577783,-0.0004882887,673.52997
496.58362,18.772285,341.38605,0.37306163,0.78529423,-0.04380395,0.49215797,0.0009842217,-0.0073243305,0.19295034,-0.0004882887,673.63
497.19168,18.827887,341.0853,0.38144487,0.7840183,-0.057720978,0.48629567,0.0019607842,-0.01123064,0.13434044,-0.0004882887,673.68146
497.07877,18.801546,340.82013,0.392993,0.77155197,-0.083690055,0.49321398,0.0205234,-0.091340505,0.0630045,-0.0004882887,673.82996
496.97418,19.007095,340.6907,0.39424375,0.7634182,-0.09414693,0.5028927,0.06888685,-0.09916838,0.022949569,-0.0004882887,673.93
496.88947,19.147047,340.55344,0.39428696,0.75556433,-0.100767426,0.51332885,0.31509882,-0.023926146,0.0004882887,-0.0004882887,674.02997
496.86395,19.241621,340.43744,0.39888117,0.7518157,-0.091165096,0.5170648,0.69320214,-0.0043945983,-0.23692684,-0.0004882887,674.13
497.01035,19.40022,340.39038,0.41182083,0.74368423,-0.08080796,0.5203917,0.59354544,0.0004882887,0.0004882887,0.0415198,674.23
497.30078,19.593073,340.40814,0.4350344,0.7323402,-0.0742314,0.51856786,0.51293963,0.0004882887,0.0004882887,0.15191883,674.32996
497.67587,19.759064,340.46756,0.45350626,0.7231504,-0.07000461,0.51622194,0.09917602,0.0004882887,0.1577783,-0.0004882887,674.43
498.0543,19.829216,340.53204,0.46743128,0.71696246,-0.09465345,0.50844234,0.0024490654,-0.09916838,0.20370795,-0.0004882887,674.52997
498.42825,19.797743,340.5962,0.47905713,0.7045366,-0.1331069,0.5063745,0.008796841,-0.15875487,0.22618449,-0.13531701,674.63
498.7984,19.66525,340.66144,0.4677441,0.70111114,-0.20019332,0.4995812,0.0205234,-0.17244221,0.2701457,-0.32681772,674.73
499.16553,19.432432,340.72778,0.42588487,0.7144006,-0.27960762,0.47965974,0.1045472,-0.09036393,0.12358282,-0.4264744,674.82996
499.53125,19.099691,340.7936,0.35847178,0.74480903,-0.33382815,0.45311835,0.19590294,-0.020996414,0.0004882887,-0.4313573,674.93
499.90854,18.67804,340.8537,0.30678684,0.76675695,-0.3665467,0.42849663,0.33904022,0.0004882887,0.0004882887,-0.19197376,675.02997
500.33466,18.195507,340.89056,0.29969364,0.7685851,-0.375383,0.4225498,0.44406804,0.0004882887,0.0004882887,-0.016113527,675.13
500.84625,17.677723,340.8894,0.30493405,0.76553434,-0.3773803,0.42255935,0.48510718,0.0004882887,-0.023926146,-0.0004882887,675.23
501.46246,17.137762,340.84332,0.30644366,0.7659158,-0.3717807,0.42572823,0.5295491,-0.003418021,-0.120653085,-0.0004882887,675.32996
502.19373,16.586582,340.7493,0.30783427,0.76746327,-0.35824788,0.43347058,0.55300224,-0.0014648661,-0.17537194,-0.0004882887,675.43
503.0445,16.034418,340.60934,0.30246547,0.7739919,-0.33544397,0.44376624,0.57400626,0.0004882887,-0.2144503,-0.0024414435,675.52997
504.01257,15.492157,340.4286,0.29201597,0.7821606,-0.313125,0.45266363,0.57449454,0.0004882887,-0.2017548,-0.16267644,675.63
505.0857,14.9642515,340.21378,0.25892437,0.79749364,-0.30598223,0.4509291,0.58524454,0.0004882887,-0.20859084,-0.22813764,675.73
506.25546,14.462131,339.95947,0.22354229,0.81177634,-0.30297408,0.44637954,0.59354544,0.0004882887,-0.17537194,-0.24180973,675.82996
507.5107,13.99384,339.65924,0.19105108,0.82304496,-0.3040469,0.44005933,0.5915923,0.0004882887,-0.15875487,-0.22813764,675.93
508.83557,13.558677,339.30957,0.16033155,0.8321367,-0.30759546,0.43269792,0.4836347,0.0004882887,-0.102098115,-0.21640345,676.02997
510.18668,13.110775,338.92874,0.12891248,0.83937454,-0.31252912,0.425626,0.36736858,-0.017090105,-0.13238728,-0.15191883,676.13
511.55194,12.642278,338.51562,0.11281094,0.847426,-0.29292327,0.4281808,0.747921,0.0004882887,-0.24180973,-0.0004882887,676.23
513.0082,12.30616,338.00055,0.12136679,0.8503801,-0.26906824,0.43557557,0.80458534,0.0004882887,-0.18220799,-0.0004882887,676.32996
514.56775,12.148793,337.3829,0.13491362,0.8489585,-0.25914666,0.44035298,0.70639354,0.0004882887,-0.025879301,0.039566644,676.43
516.17413,12.07876,336.7132,0.15681241,0.8438578,-0.25573507,0.4448746,0.4523766,0.0004882887,0.0004882887,0.13727017,676.52997
517.7685,11.98605,336.03894,0.18392232,0.8374363,-0.24615821,0.4519726,0.51196307,-0.024902724,0.0004882887,0.1577783,676.63
518.5636,11.933041,335.70135,0.19904494,0.8314004,-0.24348146,0.45811737,0.53639275,-0.07180896,0.0004882887,0.116746776,676.67505
520.96533,11.772788,334.68753,0.20487995,0.80691296,-0.25318557,0.49276048,0.5344396,-0.20859084,0.0004882887,-0.0004882887,676.82996
522.5796,11.663028,334.0122,0.2044559,0.78806996,-0.26116315,0.5185917,0.52271307,-0.12162966,0.0004882887,0.0073243305,676.93
524.2007,11.54407,333.3399,0.20937477,0.7745242,-0.2664841,0.5340979,0.5764477,-0.10502785,0.0004882887,0.009277485,677.02997
525.8478,11.437849,332.66653,0.21988101,0.7634738,-0.27171835,0.5430739,0.65314716,-0.006347753,0.0004882887,-0.0004882887,677.13
527.54315,11.367001,331.989,0.23348644,0.7581199,-0.27483144,0.54332864,0.63604945,0.0004882887,0.0004882887,-0.0004882887,677.23
529.27747,11.316397,331.31317,0.24411002,0.7539042,-0.2771799,0.5433324,0.5486076,0.0004882887,0.0004882887,-0,677.32996
531.0196,11.248857,330.64804,0.25333396,0.7505811,-0.27412695,0.54525626,0.5505608,0.0004882887,-0.09622339,0.02978561,677.43
532.7681,11.161176,329.99594,0.2541728,0.75134826,-0.2588563,0.5512399,0.57595944,0.0004882887,-0.13922332,0.0043945983,677.52997
534.53186,11.067913,329.35785,0.25463635,0.75195014,-0.24600637,0.5560686,0.58524454,0.0004882887,-0.083527885,-0.0004882887,677.63
536.3108,10.974019,328.73587,0.25917056,0.7504302,-0.2432042,0.5572584,0.4709392,0.0004882887,0.0004882887,-0.0004882887,677.73
538.07336,10.843761,328.13425,0.2649731,0.74821496,-0.24448103,0.55694944,0.39228657,0.0004882887,0.0004882887,-0.0004882887,677.82996
539.80066,10.652971,327.55457,0.2689002,0.7467698,-0.24382693,0.5572934,0.4855955,0.0004882887,-0.08938735,-0.0004882887,677.93
541.5224,10.433316,326.99356,0.26349106,0.749032,-0.23943585,0.55874324,0.6775769,0.0004882887,-0.15582514,-0.20956741,678.02997
543.3021,10.261904,326.44342,0.2283187,0.761738,-0.24142182,0.55618465,0.74743265,0.0004882887,-0.21835661,-0.25255206,678.13
545.1618,10.188933,325.88754,0.18838227,0.7749551,-0.24002528,0.553484,0.7562219,0.0004882887,-0.21152057,-0.22716106,678.23
547.08453,10.224603,325.31305,0.15381165,0.78525794,-0.23787725,0.5505692,0.7391241,0.0004882887,-0.20859084,-0.22128634,678.32996
549.0382,10.34797,324.7164,0.12770271,0.79249847,-0.23479307,0.5481885,0.67024493,0.0004882887,-0.106981,-0.091340505,678.43
550.9922,10.5257015,324.10114,0.13308185,0.79107696,-0.23577282,0.5485413,0.5349279,0.0004882887,0.0004882887,-0.0004882887,678.52997
551.7643,10.593906,323.85486,0.1372725,0.7898991,-0.23680618,0.5487608,0.5,0.0004882887,0.0004882887,-0.0004882887,678.56757
554.778,10.795734,322.884,0.14909118,0.786509,-0.23969813,0.54929066,0.45774776,0.0004882887,0.0004882887,-0.0004882887,678.73
556.604,10.860722,322.28967,0.15643881,0.7843897,-0.24099664,0.54970944,0.45725948,0.0004882887,0.0004882887,0.022949569,678.82996
558.39136,10.88075,321.70428,0.167987,0.78142715,-0.2386241,0.55155295,0.4518883,0.0004882887,0.0004882887,0.051285572,678.93
560.1442,10.856718,321.12878,0.18089214,0.7780322,-0.23519999,0.55373716,0.44797435,0.0004882887,0.0004882887,0.062027924,679.02997
561.8688,10.793627,320.56348,0.19715513,0.77351815,-0.23076512,0.5563695,0.5207599,0.0004882887,0.0004882887,0.072785534,679.13
563.5863,10.717513,320.0061,0.21541484,0.76809317,-0.22629534,0.5589451,0.55934995,0.0004882887,0.0004882887,0.07180896,679.23
565.3128,10.646339,319.45737,0.235833,0.76156706,-0.22223091,0.5612592,0.58866256,-0.006347753,0.0004882887,0.075715266,679.32996
567.0651,10.596542,318.92007,0.2548937,0.7520889,-0.21798351,0.56733996,0.665362,-0.054215305,-0.0073243305,0.083527885,679.43
568.8702,10.596335,318.39844,0.2709602,0.73986506,-0.20905712,0.5792024,0.7137255,-0.06398108,-0.106981,0.08450446,679.52997
570.7432,10.661343,317.90167,0.28574634,0.72718006,-0.19349985,0.5933936,0.7068818,-0.064972915,-0.10795758,0.08450446,679.63
572.67334,10.780462,317.44083,0.29761982,0.713956,-0.1778948,0.60831136,0.6878309,-0.087434195,-0.116746776,0.079621576,679.73
574.64014,10.931874,317.02338,0.3084827,0.6981872,-0.16583028,0.6243985,0.5798657,-0.091340505,-0.05616846,0.07473869,679.82996
576.60583,11.071587,316.6478,0.316558,0.68096817,-0.1591343,0.6408976,0.52710766,-0.13824674,-0.062027924,0.08450446,679.93
578.54694,11.174562,316.3115,0.326407,0.6558828,-0.14803293,0.6643513,0.5280842,-0.16070803,-0.11186389,0.17048906,680.02997
580.46655,11.241284,316.01666,0.3409064,0.624506,-0.1196318,0.6924329,0.50415045,-0.1528954,-0.13824674,0.26916915,680.13
582.36334,11.267559,315.76617,0.36179247,0.58348507,-0.070875496,0.72362155,0.47631037,-0.18220799,-0.17830168,0.3443961,680.23
584.23895,11.250983,315.5662,0.38896558,0.5275166,-0.010976533,0.75518984,0.4890135,-0.20663768,-0.15680172,0.39911497,680.32996
586.0975,11.200575,315.43475,0.42311043,0.45870164,0.057339415,0.7792833,0.498291,-0.20663768,-0.14117648,0.44209963,680.43
587.93726,11.123447,315.39813,0.45618787,0.38197985,0.12942109,0.79324293,0.5559319,-0.2017548,-0.17634852,0.42159152,680.52997
589.753,11.036062,315.50748,0.4733615,0.30894732,0.19058989,0.8025933,0.67219806,-0.18513772,-0.24473946,0.28088808,680.63
591.52167,10.970022,315.84528,0.47491023,0.25037816,0.22839642,0.8121613,0.73668265,-0.17927825,-0.2623331,0.1577783,680.73
593.2083,10.935713,316.44717,0.46723267,0.20288837,0.24257456,0.8256437,0.7791867,-0.19197376,-0.3229114,-0.01123064,680.82996
594.783,10.943074,317.32318,0.4412348,0.16251242,0.23757568,0.8499762,0.7728313,-0.17927825,-0.33853665,-0.21933319,680.93
596.2295,11.000217,318.43677,0.4119092,0.12461152,0.23059657,0.872713,0.7425498,-0.17830168,-0.31117722,-0.0004882887,681.02997
597.5445,11.107112,319.73947,0.38209376,0.0682584,0.26036227,0.88405704,0.6736629,-0.18513772,-0.35808346,0.39227894,681.13
598.1531,11.170311,320.44073,0.3616843,0.023844069,0.30344072,0.8812149,0.6560769,-0.19784848,-0.41669336,0.4684825,681.172
599.73285,11.369972,322.6842,0.25125214,-0.15151967,0.46037036,0.8378384,0.6604715,-0.23790342,-0.4489357,0.46066988,681.32996
600.5053,11.50529,324.23114,0.20986228,-0.23023094,0.50704557,0.8036519,0.6692683,-0.19784848,-0.23204395,0.102098115,681.43
601.0351,11.628802,325.7645,0.20121393,-0.2754167,0.5128671,0.7877983,0.6692683,-0.18416114,-0.24473946,0.0415198,681.52997
601.3242,11.741878,327.27112,0.18623827,-0.32115895,0.52398336,0.7665596,0.68148315,-0.17439537,-0.2554818,0.12553598,681.63
601.35876,11.850937,328.73187,0.17103869,-0.36588797,0.52897793,0.74636066,0.70248723,-0.18709087,-0.21835661,0.124559395,681.73
601.1165,11.968703,330.1241,0.15602987,-0.4107437,0.5371201,0.72003216,0.69613945,-0.18416114,-0.22421607,0.10405127,681.82996
600.6145,12.089856,331.42682,0.15262587,-0.4458194,0.54162616,0.69612604,0.6902724,-0.17927825,-0.16658275,0.0014648661,681.93
599.881,12.204003,332.62973,0.15830548,-0.47228453,0.5473225,0.6725509,0.7068818,-0.15875487,-0.08255131,-0.0004882887,682.02997
598.9243,12.3049555,333.72217,0.17338121,-0.48335147,0.56138647,0.648965,0.7361944,-0.1401999,0.0004882887,-0.0004882887,682.13
597.73865,12.384719,334.69153,0.1895733,-0.4923429,0.57244295,0.62766993,0.71714354,-0.12748913,0.0004882887,-0.0004882887,682.23
596.36084,12.423846,335.54175,0.20347214,-0.4997449,0.5818386,0.6085377,0.66194403,-0.120653085,0.0004882887,-0.030762188,682.32996
594.84875,12.401785,336.2888,0.22666134,-0.50413895,0.5791867,0.5991756,0.6433738,-0.12846571,0.0004882887,-0.18806745,682.43
593.2301,12.3119955,336.94452,0.25857046,-0.5083213,0.55477273,0.60578716,0.7093233,-0.14117648,-0.14215305,-0.27502862,682.52997
591.4876,12.168248,337.5156,0.28372842,-0.51909924,0.51181996,0.6229563,0.79628444,-0.12553598,-0.24962234,-0.33365378,682.63
589.5961,11.999973,338.00992,0.29889452,-0.5349228,0.4552027,0.6459955,0.8353628,-0.12553598,-0.30922407,-0.30531776,682.73
587.54974,11.843,338.4461,0.29921213,-0.55588925,0.4029514,0.66263825,0.86028075,-0.11381704,-0.3277943,-0.2633097,682.82996
585.3658,11.72767,338.84018,0.29821736,-0.5704684,0.36017215,0.6752097,0.8695582,-0.051285572,-0.22030976,-0.25352865,682.93
583.068,11.671986,339.2064,0.31796592,-0.5629995,0.32315654,0.6910131,0.8891051,0.0004882887,-0.1528954,-0.39911497,683.02997
580.6704,11.680065,339.57196,0.34918553,-0.54339147,0.27686408,0.7114362,0.8891051,0.0004882887,-0.13531701,-0.34244296,683.13
578.1854,11.75917,339.97632,0.36989984,-0.52604073,0.2273553,0.73127615,0.8764019,0.0004882887,-0.14215305,-0.31410697,683.23
575.6548,11.896547,340.4434,0.38151303,-0.51465,0.19710608,0.74211353,0.82364386,0.0004882887,-0.1489891,-0.2017548,683.32996
573.1291,12.057223,340.96896,0.3873562,-0.50759715,0.17736672,0.7488935,0.6047837,0.0004882887,0.0004882887,-0.07083238,683.43
570.68365,12.171913,341.51508,0.39229298,-0.5060164,0.17930387,0.7469296,0.5241779,0.0004882887,0.0004882887,-0.023926146,683.52997
568.34686,12.204878,342.05737,0.39423,-0.50598705,0.18266745,0.74511236,0.42159915,0.0004882887,0.0004882887,-0.0004882887,683.63
566.1233,12.143822,342.58505,0.39489678,-0.50628614,0.18527885,0.74391043,0.37763026,0.0004882887,-0.025879301,-0.0004882887,683.73
564.00226,11.990563,343.09756,0.38847402,-0.50844216,0.18349722,0.74625957,0.44504464,0.0004882887,-0.098191805,-0.0004882887,683.82996
561.954,11.767574,343.6069,0.3763688,-0.51246077,0.18010311,0.75052875,0.48803693,0.0004882887,-0.13434044,-0.0004882887,683.93
559.956,11.493511,344.1215,0.3581937,-0.51746744,0.1712865,0.7580143,0.50805676,0.0004882887,-0.20761426,-0.035660334,684.02997
557.9926,11.185432,344.64703,0.3344558,-0.5219384,0.15275624,0.76966566,0.5246662,0.0004882887,-0.2144503,-0.0415198,684.13
556.0507,10.865673,345.19073,0.3127261,-0.5252724,0.13485967,0.77981025,0.60771346,0.0004882887,-0.21738003,-0.09622339,684.23
554.1013,10.574419,345.7689,0.29552105,-0.52595454,0.11309513,0.7894609,0.6888075,0.0004882887,-0.21054399,-0.106004424,684.32996
552.11383,10.364025,346.4041,0.27862775,-0.52828854,0.10249972,0.79546946,0.75818264,0.0004882887,-0.20663768,-0.06398108,684.43
550.07697,10.279819,347.1078,0.2615789,-0.53158504,0.09822056,0.79959154,0.80458534,0.0004882887,-0.18709087,-0.05909819,684.52997
548.0087,10.3350725,347.8708,0.2508071,-0.53397596,0.097734675,0.80150706,0.740589,0.0004882887,-0.10014496,-0.05226215,684.63
545.9441,10.476136,348.66635,0.25034174,-0.5349173,0.103491426,0.8003012,0.4225757,0.0004882887,0.0004882887,-0.0004882887,684.73
543.9501,10.56235,349.44485,0.2514653,-0.5351591,0.107169546,0.7993027,0.33904022,0.0004882887,0.0004882887,-0.0004882887,684.82996
542.0359,10.562513,350.1966,0.25215477,-0.5353032,0.10959452,0.7986599,0.3766537,0.0004882887,0.0004882887,-0.0004882887,684.93
540.1761,10.502843,350.93387,0.24815077,-0.536287,0.11014106,0.7991787,0.5710765,0.0004882887,-0.14508279,-0.0004882887,685.02997
539.9909,10.496463,351.00803,0.2466557,-0.5366735,0.11038713,0.79934794,0.5710765,0.0004882887,-0.14508279,-0.0004882887,685.036
536.4794,10.405161,352.43823,0.23544833,-0.5403096,0.11878948,0.7990737,0.48413062,0.0004882887,0.0004882887,-0.0004882887,685.23
534.6526,10.345946,353.19443,0.23716488,-0.54069716,0.12537636,0.79729563,0.50805676,0.0004882887,0.0004882887,-0.0004882887,685.32996
532.8346,10.282567,353.95212,0.25225443,-0.5244751,0.103317276,0.80660975,0.70834666,0.16070803,-0.17048906,-0.4675059,685.43
530.9861,10.309721,354.7557,0.2841766,-0.46594492,-0.0057221516,0.83791786,0.93649197,0.17146564,-0.30629435,-0.57985806,685.52997
529.11597,10.566533,355.7245,0.31926218,-0.4036337,-0.1100088,0.85032314,0.9780117,0.16658275,-0.31313038,-0.6091707,685.63
527.3051,11.039205,356.9294,0.34841812,-0.3288567,-0.22201633,0.8492155,0.96922255,0.19882506,-0.323888,-0.59354544,685.73
525.63794,11.664578,358.40213,0.3608917,-0.23897666,-0.31133997,0.84599924,0.9389334,0.27307546,-0.36589608,-0.5300374,685.82996
524.18256,12.367803,360.11533,0.367314,-0.12610427,-0.3957939,0.8321811,0.76355386,0.40595102,-0.28674755,-0.6238346,685.9288
522.9123,13.039243,361.938,0.3896399,0.080778226,-0.5482067,0.73561203,0.44016173,0.5671626,-0.36882582,-0.94528115,686.02997
521.7168,13.586704,363.7305,0.34382564,0.38924083,-0.7245946,0.4530322,0.35124743,0.58866256,-0.4919356,-0.89349204,686.13
520.59937,13.973861,365.415,0.25742725,0.60804147,-0.72051007,0.2118539,0.6223697,0.34732586,-0.5163653,-0.6091707,686.23
519.6185,14.202627,366.88467,0.21572855,0.6962121,-0.6671848,0.15367,0.87249565,0.0004882887,-0.39227894,-0.04835584,686.32996
518.8436,14.313345,368.01447,0.2290638,0.71108335,-0.6405958,0.17755966,0.8759136,0.0004882887,-0.23497368,0.06790265,686.43
518.3033,14.340761,368.79422,0.24914871,0.70383537,-0.6311675,0.21016254,0.8617456,-0.12846571,-0.17537194,0.08645762,686.52997
518.0158,14.296888,369.24802,0.25464654,0.69879997,-0.6193662,0.25143427,0.811429,-0.07083238,-0.24180973,0.11967651,686.63
517.96185,14.187132,369.43967,0.2793885,0.6986188,-0.5934448,0.2858269,0.5920806,0.0004882887,-0.22128634,0.17439537,686.73
518.0645,14.005833,369.48553,0.2849692,0.709339,-0.56679064,0.30721202,0.52710766,-0.046402685,-0.21152057,-0.0004882887,686.82996
518.295,13.75741,369.42477,0.271262,0.72203535,-0.54225427,0.33323002,0.5867094,-0.13043413,-0.34341955,-0,686.93
518.67426,13.4641285,369.2437,0.24924244,0.7471214,-0.48726362,0.37717634,0.68294805,-0.08841077,-0.4303807,0.1157702,687.02997
519.23706,13.177568,368.92737,0.24455985,0.7592599,-0.43488103,0.4178438,0.72397953,-0.12748913,-0.27307546,0.075715266,687.13
519.9989,12.939509,368.48645,0.23584758,0.7534413,-0.41384315,0.45325065,0.76208895,-0.18220799,-0.10893416,0.021972992,687.23
520.97327,12.777006,367.9268,0.24176158,0.73311406,-0.4123605,0.4837914,0.81338215,-0.083527885,-0.1314107,0.062027924,687.32996
522.1561,12.689688,367.2665,0.2610622,0.72603303,-0.3931396,0.50016373,0.8011673,0.0004882887,-0.16951248,0.12162966,687.43
523.52216,12.664227,366.54034,0.28789172,0.7168368,-0.36880594,0.51695806,0.7997024,0.0004882887,-0.12553598,0.12945755,687.52997
525.05695,12.693589,365.78003,0.31102267,0.707583,-0.34833688,0.53033257,0.79628444,0.0004882887,-0.124559395,0.109910734,687.63
526.7415,12.766988,365.01254,0.3187547,0.7053162,-0.3290154,0.54099303,0.7909132,0.0004882887,-0.22519265,-0.0004882887,687.73
528.54895,12.875381,364.25528,0.31566754,0.70856386,-0.30149087,0.5544318,0.75133896,0.0004882887,-0.27502862,-0.0004882887,687.82996
530.4294,12.998595,363.5229,0.30350393,0.71531785,-0.2719845,0.5676532,0.5617914,0.0004882887,-0.21054399,-0.0004882887,687.93
532.29535,13.078268,362.8254,0.2927736,0.72042394,-0.25191116,0.5760329,0.42648202,0.0004882887,-0.1489891,-0.0004882887,688.02997
534.11237,13.08614,362.16248,0.2824206,0.724878,-0.23434532,0.5829862,0.5065919,0.0004882887,-0.15582514,-0.0004882887,688.13
535.9119,13.0517435,361.52872,0.27813968,0.7254998,-0.2146348,0.5917942,0.5300374,-0.023926146,-0.14996567,0.0630045,688.23
537.7084,12.994434,360.92456,0.28378537,0.7182251,-0.1929389,0.6053041,0.5300374,-0.07083238,-0.11186389,0.12260624,688.32996
539.5055,12.921011,360.35437,0.2940261,0.7031678,-0.17310151,0.6238106,0.5222248,-0.102098115,-0.09036393,0.13434044,688.43
541.30963,12.8386545,359.8241,0.3033432,0.68439454,-0.15275574,0.6451765,0.61944,-0.13043413,-0.13434044,0.1489891,688.52997
543.1464,12.782674,359.34805,0.31941804,0.65811783,-0.13067563,0.6691613,0.6277409,-0.1314107,-0.102098115,0.15191883,688.63
545.01984,12.758633,358.9384,0.33525985,0.63588697,-0.11066834,0.6862952,0.5495842,-0.07083238,-0.057145037,0.15582514,688.73
546.9041,12.733496,358.59085,0.35083008,0.6191172,-0.089927144,0.6967964,0.5261311,-0.057145037,-0.08548104,0.1489891,688.82996
548.7913,12.697353,358.30746,0.36549976,0.59983563,-0.06686879,0.7086153,0.5671702,-0.07473869,-0.10795758,0.14996567,688.93
550.6845,12.656261,358.0973,0.38695455,0.5740181,-0.037925895,0.72064626,0.50805676,-0.09622339,-0.10795758,0.26037994,689.02997
552.56635,12.585784,357.95172,0.41318223,0.5332685,0.009614376,0.73811436,0.42159915,-0.13434044,-0.14410621,0.3404898,689.13
554.4187,12.460156,357.8597,0.4337734,0.48384726,0.06378117,0.7574064,0.43723202,-0.14117648,-0.19295034,0.32681772,689.23
556.2469,12.293475,357.8469,0.4440261,0.43020582,0.118965946,0.7769241,0.59794766,-0.18416114,-0.25255206,0.29164568,689.32996
558.0602,12.132757,357.98486,0.45211548,0.36852342,0.16950007,0.79438776,0.6223697,-0.19394217,-0.25450522,0.28284124,689.43
559.8401,11.987265,358.30606,0.46183386,0.30021048,0.21809795,0.8056156,0.67268634,-0.22421607,-0.24864577,0.29457542,689.52997
561.55646,11.862682,358.84702,0.4593957,0.22026479,0.2677471,0.81777173,0.76355386,-0.27502862,-0.41278705,0.32681772,689.63
563.14856,11.782008,359.67053,0.4235524,0.10864794,0.33313212,0.8353574,0.8817731,-0.3004349,-0.52320135,0.38054475,689.73
564.48694,11.791758,360.83365,0.3580902,-0.027858648,0.3951353,0.84549606,0.9443046,-0.35025558,-0.616022,0.37566185,689.8241
565.42975,11.923981,362.27454,0.26585278,-0.17779863,0.4463672,0.835743,0.9418631,-0.33170062,-0.5769284,0.3600366,689.93
565.919,12.1835375,363.8357,0.22036885,-0.27857107,0.48567757,0.7987197,0.7694133,-0.27502862,-0.14996567,0.18806745,690.02997
566.05945,12.496273,365.39813,0.23764756,-0.33681297,0.50568324,0.7578688,0.6150454,-0.36687267,-0.11772335,0.13629359,690.13
565.98474,12.784297,366.93283,0.25313333,-0.41312528,0.50608045,0.71353596,0.5720531,-0.3698024,-0.22421607,0.15973145,690.23
565.73663,13.028351,368.42557,0.2502746,-0.48579335,0.49952337,0.67219335,0.5710765,-0.29457542,-0.23790342,0.1489891,690.32996
565.31866,13.234047,369.85803,0.2353406,-0.537984,0.49556255,0.6400045,0.584268,-0.18806745,-0.21054399,0.13629359,690.43
564.73285,13.409672,371.21274,0.21994443,-0.5745983,0.49095792,0.6167833,0.59354544,-0.14215305,-0.16267644,0.050308995,690.52997
563.9866,13.56136,372.47708,0.21443032,-0.5978443,0.4898813,0.5971752,0.60234225,-0.11869993,-0.10893416,0.025879301,690.63
563.0883,13.690428,373.64426,0.21314731,-0.6110177,0.4925067,0.58194745,0.6111314,-0.051285572,-0.035660334,-0.0004882887,690.73
562.04816,13.794651,374.71164,0.21578331,-0.6110987,0.50550824,0.56961155,0.5969711,-0.027832456,0.0004882887,-0.0004882887,690.82996
560.88226,13.862688,375.68173,0.21846788,-0.61121655,0.51543313,0.5594774,0.58524454,-0.039566644,-0.0122072175,-0.0004882887,690.93
559.60236,13.887501,376.5556,0.21893057,-0.61351824,0.5203785,0.55215144,0.5925689,-0.008300908,-0.04444953,-0.0004882887,691.02997
558.21924,13.86636,377.33148,0.21376535,-0.6154668,0.5249838,0.5476287,0.60771346,0.0004882887,-0.09036393,-0.0004882887,691.13
556.7362,13.800957,378.00632,0.20540796,-0.62093145,0.52367723,0.5459065,0.61944,0.0004882887,-0.10112154,-0.0004882887,691.23
555.15796,13.695956,378.5771,0.19683978,-0.62742853,0.520377,0.5447894,0.65119404,-0.020019837,-0.15680172,-0.09231708,691.32996
553.48785,13.55779,379.0406,0.19820043,-0.63629395,0.50149614,0.55167764,0.67610437,-0.034683757,-0.15973145,-0.19491875,691.43
551.7275,13.398533,379.39908,0.22190373,-0.6343069,0.4735008,0.56939495,0.67610437,-0.024902724,-0.11381704,-0.37663844,691.52997
549.8966,13.217965,379.67633,0.26813823,-0.6211617,0.4217784,0.603625,0.6844129,-0.030762188,-0.17830168,-0.44600594,691.63
548.00415,13.025246,379.90305,0.3030071,-0.6121705,0.3542102,0.6387247,0.69418633,-0.042496376,-0.25645837,-0.30531776,691.73
546.0471,12.840728,380.1091,0.29480642,-0.62228584,0.32594156,0.64777434,0.7039521,-0.03370718,-0.19980164,-0.0004882887,691.82996
544.02625,12.677144,380.30057,0.28010952,-0.63146144,0.31897244,0.64888495,0.5901274,0.0004882887,-0.10795758,-0.0004882887,691.93
541.9996,12.496051,380.4773,0.2676926,-0.6371767,0.31773478,0.64914656,0.47289234,0.0004882887,-0.11186389,0.062027924,692.02997
540.00964,12.263461,380.6411,0.24692328,-0.64763343,0.3216256,0.6451022,0.48216984,-0.022949569,-0.12846571,0.14410621,692.13
538.03766,11.998202,380.78687,0.20901479,-0.66947967,0.33523265,0.62906986,0.7308232,-0.10112154,-0.20468453,0.2906691,692.23
535.9921,11.795446,380.87906,0.15006004,-0.7062698,0.3591383,0.59134144,0.8295033,-0.1685359,-0.2144503,0.3229114,692.32996
535.5694,11.769062,380.88593,0.13853276,-0.71301025,0.36774245,0.5806811,0.8314565,-0.17244221,-0.19589533,0.31996644,692.3433
531.6003,11.740623,380.68027,0.070861675,-0.75375277,0.43332246,0.4889448,0.8329213,-0.15191883,-0.0053711757,0.1577783,692.52997
529.3156,11.843779,380.3264,0.056352276,-0.7589755,0.46638742,0.4508474,0.7791867,-0.087434195,-0.0043945983,0.1577783,692.63
527.03033,11.964183,379.82697,0.03689214,-0.75582033,0.49357498,0.42867076,0.64044404,-0.0014648661,0.0004882887,0.1157702,692.73
524.7996,12.037601,379.24603,0.021121262,-0.7535831,0.50821936,0.416389,0.42843518,0.0004882887,0.0004882887,0.10795758,692.82996
522.6606,12.020514,378.64758,0.012221086,-0.75211555,0.51625013,0.40946135,0.36981004,0.0004882887,-0.014160372,0.0024414435,692.93
520.61523,11.905775,378.0496,0.009676984,-0.753447,0.5153225,0.4082485,0.40058747,-0.013183795,-0.050308995,-0.0004882887,693.02997
518.6482,11.705779,377.44138,0.0005832789,-0.759855,0.5131742,0.39908925,0.4748455,-0.04444953,-0.11479362,0.1577783,693.13
516.73566,11.44652,376.78748,-0.03892491,-0.7737214,0.5130714,0.3695916,0.6033188,-0.051285572,-0.1861143,0.24473946,693.23
514.8522,11.16483,376.02228,-0.0765941,-0.78236645,0.51760375,0.3378203,0.6844129,-0.054215305,-0.09329366,0.102098115,693.32996
512.9916,10.889239,375.08408,-0.07964404,-0.7816066,0.52664524,0.32464263,0.86028075,-0.062027924,-0.04835584,-0.19784848,693.43
511.14493,10.662309,373.88974,-0.010284777,-0.78964394,0.5000741,0.35536262,0.93698025,-0.06692607,-0.1314107,-0.6062409,693.52997
509.28152,10.514388,372.4677,0.15987669,-0.7768349,0.41025084,0.45017904,0.88372624,0.0004882887,-0.16951248,-0.85539025,693.63
507.35263,10.433573,370.99124,0.34909502,-0.71454835,0.2543346,0.5503339,0.8651637,0.0004882887,-0.3414664,-0.7058976,693.72345
505.2784,10.443434,369.6084,0.40649998,-0.6751099,0.13616833,0.6003687,0.9105974,0.0004882887,-0.42745098,-0.43331045,693.82996
503.0311,10.57864,368.41058,0.401546,-0.6523059,0.05655322,0.64035904,0.9188983,0.11479362,-0.44112307,-0.29262227,693.93
500.64322,10.866785,367.44943,0.37841666,-0.6166269,-0.0025961208,0.6903372,0.8549096,0.28674755,-0.31996644,-0.320943,694.02997
498.19656,11.277664,366.71848,0.39650157,-0.5390902,-0.03786694,0.74211484,0.7650187,0.39618525,-0.2300908,-0.47727168,694.13
495.75638,11.737717,366.1874,0.43475777,-0.43019748,-0.08756899,0.78628725,0.7137255,0.38347447,-0.21640345,-0.50365454,694.23
493.34863,12.2192,365.8677,0.4655315,-0.319365,-0.14752288,0.8121105,0.6604715,0.33463034,-0.17927825,-0.49877164,694.32996
491.0064,12.696358,365.75952,0.49119902,-0.21030669,-0.20789935,0.81931233,0.6243229,0.31508353,-0.1489891,-0.4635996,694.43
488.76297,13.140249,365.84518,0.50490516,-0.13000712,-0.23743166,0.81963116,0.5901274,0.22421607,-0.1314107,-0.2339971,694.52997
486.6396,13.530776,366.09756,0.5094801,-0.090986654,-0.23324814,0.8232537,0.5720531,0.17634852,-0.09622339,-0.07083238,694.63
484.6319,13.869448,366.50638,0.5109948,-0.0664575,-0.21645132,0.8292265,0.5476234,0.15680172,-0.10893416,-0.0004882887,694.73
482.72562,14.158428,367.0574,0.5113869,-0.050377045,-0.19669317,0.8350195,0.5114748,0.109910734,-0.078645,-0.0004882887,694.82996
480.909,14.39045,367.72165,0.51180434,-0.041221082,-0.18251552,0.83847797,0.4895018,0.078645,-0.078645,-0.0004882887,694.93
479.17822,14.562905,368.485,0.50831366,-0.032802533,-0.17140396,0.8433042,0.48510718,0.072785534,-0.08645762,-0.0004882887,695.02997
477.52985,14.675621,369.3356,0.504855,-0.02442074,-0.15919235,0.8480466,0.5114748,0.07669184,-0.09036393,-0.0004882887,695.13
475.9644,14.736656,370.27853,0.50340027,-0.01879291,-0.14640336,0.8513526,0.5207599,0.043472953,-0.07083238,-0.0004882887,695.23
474.47913,14.748792,371.30984,0.49915585,-0.019066088,-0.13849457,0.85516036,0.5153811,0.0004882887,-0.13238728,-0.0004882887,695.32996
473.0701,14.711687,372.41943,0.48254672,-0.019616762,-0.13318215,0.8654632,0.5065919,0.0004882887,-0.1861143,-0.0004882887,695.43
471.73196,14.628014,373.59653,0.4594959,-0.019640163,-0.12720338,0.8788044,0.51929504,0.0004882887,-0.22128634,-0.0004882887,695.52997
470.46255,14.511159,374.84515,0.4291757,-0.018482085,-0.121511824,0.8948192,0.5647288,0.0004882887,-0.24864577,0.0043945983,695.63
469.2664,14.383607,376.1732,0.39749604,-0.01877667,-0.11198693,0.9105511,0.5940337,0.0004882887,-0.22421607,0.03761349,695.73
468.14413,14.26943,377.58673,0.37231848,-0.020323547,-0.09930393,0.9225533,0.6419089,0.01904326,-0.19295034,0.025879301,695.82996
467.09616,14.201294,379.09988,0.35468653,-0.015889443,-0.08538336,0.93094295,0.7391241,0.072785534,-0.17341879,-0.0004882887,695.93
466.12506,14.222929,380.73666,0.34337693,-0.0075512547,-0.07052571,0.9365156,0.7415656,0.064972915,-0.11088731,-0.0004882887,696.02997
465.22794,14.324067,382.46817,0.34437463,-0.0021444738,-0.060010213,0.93691003,0.584268,0.035660334,-0.05226215,-0.0698558,696.13
464.38788,14.420168,384.21686,0.34305242,0.0046402244,-0.06694203,0.9369165,0.46409553,0.0073243305,-0.06007477,-0.10405127,696.23
463.59607,14.466553,385.94467,0.33624595,0.014594923,-0.088136576,0.9375274,0.4093843,0.017090105,-0.10893416,-0.25255206,696.32996
462.8459,14.449376,387.64526,0.31828672,0.03963814,-0.14229701,0.93641555,0.5012207,0.0327306,-0.15484856,-0.3971618,696.43
462.1513,14.402647,389.34973,0.29514343,0.0810973,-0.23253246,0.9231697,0.56374454,0.047379263,-0.1685359,-0.5241779,696.52997
461.5484,14.3538065,391.07568,0.2666546,0.1277491,-0.33929276,0.89300394,0.5720531,0.0415198,-0.18709087,-0.54566264,696.63
461.07635,14.305442,392.8215,0.22954464,0.1749895,-0.44547734,0.8474892,0.54615855,0.054215305,-0.18513772,-0.5525139,696.73
460.74615,14.231355,394.56656,0.19307154,0.22122993,-0.54276437,0.7868848,0.5148928,0.08938735,-0.1900206,-0.544686,696.82996
460.55035,14.097828,396.278,0.1550493,0.2724278,-0.62683547,0.7133163,0.55690855,0.14801252,-0.20663768,-0.53785,696.93
460.5221,13.886063,397.9199,0.1261426,0.3214407,-0.6871629,0.63919574,0.69173723,0.14410621,-0.22519265,-0.4069276,697.02997
460.73022,13.577806,399.4466,0.11370784,0.35601598,-0.7039821,0.6039308,0.70590526,0.11479362,-0.21835661,-0.16070803,697.13
461.18765,13.165935,400.84146,0.11358034,0.3801872,-0.6915479,0.60358834,0.6673152,0.075715266,-0.27502862,-0.0004882887,697.23
461.8788,12.661535,402.10718,0.10073166,0.41672176,-0.6581583,0.61888915,0.70590526,0.046402685,-0.40009156,0.13043413,697.32996
462.80267,12.092796,403.23282,0.08110799,0.45828572,-0.5858033,0.6634986,0.65803003,0.0004882887,-0.49877164,0.3600366,697.43
463.91913,11.503027,404.23013,0.0565572,0.5071688,-0.46307895,0.7246648,0.64386207,0.0004882887,-0.5427329,0.4489357,697.52997
465.06024,11.012133,405.02927,0.031515244,0.5440521,-0.33379996,0.7691499,0.8016556,0.0004882887,-0.54370946,0.3229114,697.61273
466.65408,10.646752,405.85254,-0.03855738,0.5774533,-0.23790056,0.78004116,0.9120623,0.0004882887,-0.5261311,-0.0004882887,697.73
468.24023,10.638488,406.4259,-0.08073923,0.5940523,-0.17630035,0.78070563,0.829015,0.0004882887,-0.2799115,-0.2017548,697.82996
469.8617,10.862045,406.8653,-0.13734826,0.59157425,-0.22904894,0.7607313,0.5544671,0.12945755,-0.102098115,-0.65314716,697.93
471.4747,11.118665,407.22522,-0.2494764,0.58932596,-0.36659092,0.6753278,0.4704509,0.3229114,-0.29164568,-0.6902724,698.02997
473.07608,11.32077,407.50473,-0.3649655,0.60785097,-0.46457323,0.53055555,0.5432288,0.36589608,-0.3824979,-0.5867094,698.13
474.65128,11.457361,407.62085,-0.41851908,0.634235,-0.49161685,0.4253242,0.7137255,0.23204395,-0.39618525,-0.2554818,698.23
476.16113,11.531555,407.46204,-0.4251355,0.6727281,-0.47206053,0.37928295,0.811429,0.14410621,-0.3404898,-0.006347753,698.32996
477.56345,11.57198,406.94968,-0.40941635,0.70002615,-0.45921117,0.36258355,0.7777218,0.15191883,-0.12553598,0.0024414435,698.43
478.8554,11.589366,406.1276,-0.3736904,0.72005904,-0.46436182,0.3553009,0.7562219,0.19491875,-0.078645,0.120653085,698.52997
480.04956,11.58391,405.0559,-0.3271997,0.7409839,-0.47309402,0.34650433,0.6541238,0.21835661,0.0004882887,0.12651256,698.63
481.16592,11.542775,403.8222,-0.27943528,0.7610203,-0.4818045,0.33260864,0.6907607,0.23204395,-0.078645,0.16267644,698.73
482.21323,11.485356,402.4188,-0.23121525,0.79028475,-0.46522528,0.3248923,0.86858165,0.1314107,-0.21835661,0.23790342,698.82996
483.19226,11.482584,400.76712,-0.18151352,0.8217586,-0.42632324,0.3316839,0.90473795,0.09721523,-0.2623331,0.2711223,698.93
484.11642,11.58212,398.88647,-0.122074075,0.847048,-0.38584995,0.34456888,0.897406,0.09427024,-0.2300908,0.26135653,699.02997
485.0082,11.793169,396.85413,-0.067396864,0.8646633,-0.35150918,0.35250032,0.8461127,0.102098115,-0.18318456,0.22519265,699.13
485.88467,12.102881,394.74158,-0.021572892,0.8771366,-0.32284018,0.3548807,0.7884642,0.06790265,-0.13727017,0.20370795,699.23
486.7508,12.463479,392.6189,0.022138141,0.8787549,-0.30384296,0.36739522,0.5109865,0.0004882887,0.0004882887,0.28674755,699.32996
487.5888,12.761356,390.56702,0.08446421,0.86868924,-0.2779836,0.40121076,0.3336614,-0.17048906,0.0004882887,0.4264744,699.43
488.39117,12.945409,388.61078,0.15571547,0.84106565,-0.24241279,0.4578181,0.38984513,-0.23595026,0.0004882887,0.44014648,699.52997
489.1835,13.048734,386.72635,0.23387086,0.79422665,-0.20259164,0.52293897,0.4968261,-0.3033646,-0.01123064,0.52320135,699.63
490.0087,13.120079,384.89862,0.33476275,0.71432585,-0.1402123,0.598342,0.5354162,-0.36687267,-0.01904326,0.61699855,699.73
490.90613,13.187549,383.15277,0.44311717,0.5918871,-0.059961557,0.6706127,0.6189517,-0.3981384,-0.12162966,0.6345769,699.82996
491.89606,13.260315,381.5612,0.5330102,0.4406474,0.037456535,0.72133696,0.67610437,-0.36687267,-0.19394217,0.6404364,699.93
492.9434,13.313969,380.19666,0.5902712,0.28325543,0.13860857,0.7430572,0.68343633,-0.31898984,-0.20859084,0.58768594,700.02997
493.97858,13.312882,379.09024,0.6139862,0.15245329,0.20581646,0.74660474,0.70053405,-0.3004349,-0.20468453,0.434287,700.13
494.94632,13.241098,378.25143,0.6116978,0.04661301,0.24074757,0.7521261,0.7176318,-0.27795833,-0.27795833,0.31996644,700.23
495.80573,13.099183,377.67255,0.5968229,-0.027263517,0.2570773,0.7595857,0.7122606,-0.15094225,-0.27209887,-0.0004882887,700.32996
496.5337,12.897292,377.33725,0.56342787,-0.06335779,0.25383627,0.7836467,0.74352634,-0.09036393,-0.37175554,-0.01123064,700.43
497.11105,12.665976,377.25443,0.5233946,-0.085506365,0.23548253,0.8144291,0.7669718,-0.08841077,-0.3561303,-0.2799115,700.52997
497.52225,12.4535675,377.44785,0.48003453,-0.08902178,0.18845269,0.85213125,0.7997024,-0.07766842,-0.3561303,-0.267216,700.63
497.77512,12.3193035,377.9378,0.44906247,-0.08798821,0.14585425,0.8771132,0.8402533,-0.0698558,-0.28186464,-0.41278705,700.73
497.89838,12.295036,378.7103,0.43573016,-0.07127462,0.08322972,0.8933823,0.8373159,-0.04054322,-0.2232395,-0.2505989,700.82996
497.9392,12.391785,379.74542,0.43544656,-0.077830784,0.08642912,0.89266944,0.77723354,-0.01513695,0.0004882887,-0.0004882887,700.93
497.9164,12.556221,380.96704,0.44371206,-0.08782942,0.108602986,0.885218,0.6380026,0.0004882887,0.0004882887,0.14410621,701.02997
497.91113,12.573552,381.09604,0.44428104,-0.089203894,0.11166072,0.88441443,0.6380026,0.0004882887,0.0004882887,0.14410621,701.0356
497.7206,12.856812,383.67993,0.4525608,-0.11324525,0.16182801,0.8695838,0.56374454,-0.02978561,-0.023926146,0.10795758,701.23
497.5528,12.950169,385.1105,0.45285657,-0.13502957,0.18258317,0.86217827,0.5329747,-0.083527885,-0.034683757,0.18220799,701.32996
497.34012,12.993752,386.56912,0.44803256,-0.17158838,0.21881239,0.84967375,0.54176396,-0.09036393,-0.062027924,0.2906691,701.43
497.07193,12.988384,388.05365,0.43593884,-0.20634009,0.2653513,0.8348473,0.46263066,-0.003418021,-0.050308995,0.27893493,701.52997
496.762,12.915952,389.53528,0.41762072,-0.23420583,0.3147043,0.8195742,0.2838331,0.0004882887,-0.057145037,0.3326772,701.63
496.4465,12.749682,390.97733,0.39358005,-0.26515433,0.3690098,0.799137,0.2266804,0.0004882887,-0.053238727,0.34927902,701.73
496.12592,12.489388,392.38016,0.3665789,-0.29561964,0.4220563,0.77465963,0.4426032,0.0004882887,-0.10893416,0.3365835,701.82996
495.73248,12.163822,393.77194,0.33591098,-0.32439333,0.46643808,0.75124454,0.62529945,0.0004882887,-0.16365302,0.10112154,701.93
495.17215,11.806222,395.16315,0.323046,-0.33421832,0.47400662,0.74783504,0.7317998,0.0004882887,-0.18709087,-0.12358282,702.02997
494.38226,11.44422,396.55667,0.31587505,-0.33427334,0.43657,0.77323407,0.808011,-0.008300908,-0.27502862,-0.37077898,702.13
493.34033,11.120357,397.96045,0.30936795,-0.33276647,0.37373635,0.8086279,0.85588616,-0.061051346,-0.323888,-0.37663844,702.23
492.06067,10.885778,399.39215,0.29713714,-0.3419181,0.30305487,0.8384267,0.8817731,-0.09916838,-0.31801328,-0.3698024,702.32996
490.5884,10.776053,400.8594,0.29484016,-0.34738672,0.24204092,0.856626,0.8524605,-0.07473869,-0.26135653,-0.38445106,702.43
489.80246,10.765265,401.6048,0.29389277,-0.34598804,0.20436507,0.86726826,0.8343862,-0.07180896,-0.26916915,-0.39520866,702.4776
487.34653,10.884666,403.88638,0.28735358,-0.3407337,0.1342322,0.88504815,0.6990692,0.0004882887,-0.025879301,-0.08157473,702.63
485.7002,11.0267935,405.41617,0.29403755,-0.34093723,0.14243393,0.8814853,0.6013657,0.0004882887,0.0004882887,-0.0004882887,702.73
484.07626,11.161126,406.92532,0.2989733,-0.34189755,0.15223552,0.8778072,0.64679945,0.0004882887,0.0004882887,-0.0004882887,702.82996
482.45465,11.311548,408.42902,0.3061446,-0.34881437,0.16584305,0.8701151,0.81338215,-0.07473869,-0.0415198,0.08059815,702.93
480.7811,11.55035,409.96637,0.28936005,-0.3782873,0.2017773,0.85583615,0.8480659,-0.11479362,-0.14508279,0.36198977,703.02997
479.04422,11.872733,411.51346,0.2377001,-0.4274929,0.28290758,0.82505256,0.64239717,-0.124559395,-0.20077822,0.5183185,703.13
477.30453,12.174035,412.99738,0.16077557,-0.4920193,0.36688322,0.7729587,0.5476234,-0.22421607,-0.2701457,0.5251545,703.23
475.56906,12.420128,414.39325,0.08068775,-0.5547202,0.4310362,0.7070946,0.562768,-0.22226292,-0.26916915,0.43624017,703.32996
473.80093,12.632478,415.67722,0.018221917,-0.60467076,0.47312194,0.6404661,0.6292134,-0.22813764,-0.26819256,0.3649195,703.43
471.96686,12.839646,416.7981,-0.03350868,-0.6466492,0.50015587,0.57494885,0.68197143,-0.20859084,-0.22813764,0.31117722,703.52997
470.0507,13.059696,417.7052,-0.07240194,-0.67596346,0.52298117,0.51412266,0.6844129,-0.21249714,-0.2017548,0.2711223,703.63
468.07263,13.282679,418.37527,-0.10109709,-0.70430535,0.53778064,0.45224467,0.68099487,-0.24180973,-0.19197376,0.23692684,703.73
466.06113,13.495897,418.80234,-0.11758053,-0.7251614,0.55524665,0.38989356,0.6433738,-0.2427863,-0.1489891,0.16267644,703.82996
464.04663,13.677703,419.00793,-0.12258424,-0.74471927,0.56260175,0.33741042,0.59794766,-0.22128634,-0.15875487,0.124559395,703.93
462.04987,13.81431,419.01938,-0.12705602,-0.7656511,0.56075937,0.28841656,0.6165103,-0.22128634,-0.24376288,0.06007477,704.02997
460.08325,13.911608,418.82858,-0.12750326,-0.7995169,0.5348149,0.24184452,0.7122606,-0.21835661,-0.35123217,0.0043945983,704.13
458.15915,14.007375,418.38962,-0.1395216,-0.83193004,0.502478,0.18958378,0.7454795,-0.2017548,-0.3541619,0.1900206,704.23
456.30435,14.126654,417.69882,-0.19265509,-0.84726685,0.48114836,0.11627263,0.723003,-0.17830168,-0.3277943,0.3893492,704.32996
454.73108,14.252409,416.88065,-0.26832637,-0.8420639,0.46650976,0.036026772,0.6922255,-0.17048906,-0.295552,0.45088884,704.4112
452.98822,14.408302,415.6666,-0.35651234,-0.8184345,0.44692826,-0.0576137,0.65949494,-0.15484856,-0.24864577,0.38445106,704.52997
451.61935,14.529828,414.40085,-0.39615396,-0.80286384,0.42950842,-0.11829728,0.6599832,-0.14508279,-0.15582514,0.09036393,704.63
450.47845,14.62468,413.00943,-0.39771298,-0.7973674,0.42840713,-0.14999014,0.6658503,-0.14410621,-0.13531701,-0.0004882887,704.73
449.5667,14.694569,411.5014,-0.40228853,-0.78751457,0.43062907,-0.18039833,0.665362,-0.1401999,-0.1489891,0.14117648,704.82996
448.87622,14.733332,409.89508,-0.42861348,-0.7669158,0.42224976,-0.22323963,0.6297017,-0.11381704,-0.15191883,0.26526284,704.93
448.39105,14.726569,408.22504,-0.46744817,-0.74112535,0.40190688,-0.26588777,0.5056153,-0.046402685,-0.124559395,0.26916915,705.02997
448.0495,14.648982,406.5431,-0.4978308,-0.72056705,0.38248196,-0.29437265,0.40596628,-0.030762188,-0.10502785,0.19589533,705.13
447.81158,14.488298,404.87442,-0.5185854,-0.70284015,0.36870432,-0.3180286,0.5,-0.0698558,-0.116746776,0.13629359,705.23
447.71313,14.251302,403.2185,-0.5333029,-0.6840406,0.36074585,-0.34283966,0.59549856,-0.102098115,-0.15680172,0.11186389,705.32996
447.8139,13.948109,401.57513,-0.5420666,-0.66537535,0.35146436,-0.37404865,0.637026,-0.1157702,-0.17537194,0.087434195,705.43
448.13696,13.58338,399.95654,-0.54207814,-0.6531643,0.34529033,-0.4003778,0.6844129,-0.11088731,-0.19980164,-0.0004882887,705.52997
448.70657,13.166105,398.37497,-0.5280889,-0.65174085,0.3370712,-0.42747986,0.6995575,-0.09036393,-0.16951248,-0.1528954,705.63
449.51028,12.707799,396.84482,-0.48085353,-0.68006617,0.35204735,-0.42702767,0.6634089,-0.046402685,-0.22128634,-0.47043565,705.73
450.4866,12.216248,395.35483,-0.39620927,-0.7320462,0.37216654,-0.4106322,0.67024493,-0.022949569,-0.2662394,-0.4880293,705.82996
451.59003,11.711961,393.88702,-0.30611518,-0.7791209,0.3897808,-0.3838425,0.6844129,0.0004882887,-0.23888,-0.45578697,705.93
452.79755,11.220092,392.41086,-0.23376249,-0.809091,0.39334637,-0.36878946,0.68099487,-0.08157473,-0.21738003,-0.31313038,706.02997
454.0883,10.759259,390.90677,-0.1906468,-0.8193754,0.3928634,-0.3713976,0.6668269,-0.10502785,-0.14117648,-0.20761426,706.13
455.02728,10.454926,389.8379,-0.16349958,-0.82328624,0.39428377,-0.37417635,0.6560769,-0.08841077,-0.13922332,-0.22519265,706.1952
